fixed acidity,volatile acidity,citric acid,residual sugar,chlorides,free sulfur dioxide,total sulfur dioxide,density,pH,sulphates,alcohol,quality_label
-0.8294137119126661,-0.4449464299288572,-0.8279527336559962,0.10596950335046876,-2.056841233485251,-0.9901157328254361,-1.0892909275972598,-1.7724586716513466,-0.07308838038524,0.004643558248148351,0.896756751532792,1
-0.8294137119126661,-0.5009641238520293,-1.3867285329631442,-1.5325632155963311,-0.601777397547279,1.6798571540704637,-0.2544740987946524,-1.3031718638721614,0.061853563527718286,-0.5074265100150674,0.896756751532792,1
-0.046380229614571784,-0.5569818177752014,0.08640766521024622,-1.2048566718069709,-0.008973612535513008,1.166400829667406,-0.029715721809335013,-0.38135849144887046,-0.4104432401676342,-0.8000379775940472,-0.12888010131312252,0
-1.1908137806656334,0.11523050930286366,-0.6247615339079422,-0.8771501280176109,-0.22453862526706456,1.0637095647867945,-0.35079911750264553,-1.9959285801175841,0.061853563527718286,1.2482422954588137,1.0832361793229577,1
-1.2510471254577942,-0.38892873600568506,-0.5231659340339152,-1.2048566718069709,-0.4401036379986161,-0.8874244679448245,-1.1213992671665907,-1.3757995841237383,2.018511750265612,-0.8000379775940472,0.896756751532792,0
0.7968865974756845,1.9638144087675415,0.03560986527323299,0.10596950335046876,0.2604826533789257,1.4744746243092406,2.5228972739524833,0.6633633306309255,-0.4779142121241119,-0.8731908444887923,-0.9680375263688714,0
-0.4680136431596994,1.2635932347278909,-1.3867285329631442,-0.7132968561229313,0.15270014701315066,-0.9901157328254361,-1.0892909275972598,0.004127100655475738,0.1967955074406766,-1.1658023120677727,-0.6883183846836228,0
2.453303579260115,-0.7810525934678896,1.1023636639505157,0.2698227752451489,-0.0628648657184009,-0.784733203064213,-0.8324242110426112,1.389640533146259,-1.6249207353842587,1.2482422954588137,-0.12888010131312252,1
-1.3715138150421167,-0.1088402663898248,-1.3867285329631442,-0.38559031233357094,-0.9251249166446064,2.501387273115356,0.25925933431464443,-0.9567935057494812,1.5462149465702595,2.05292383130101,0.24407875426720882,1
-0.046380229614571784,-0.7810525934678896,0.5435878646433675,-1.368709943701651,-1.2484724357419332,-0.57935067330299,-0.5434491549186318,-0.2863837803507072,-0.34297226821115656,0.6630193603008536,-0.5950786707885384,0
-1.0703470910813109,-1.06114106308375,-0.015187934663780522,0.7613825909291886,-0.7634511570959427,-0.784733203064213,-0.06182406137866606,-1.6048562403016686,-0.6803271279935508,-0.6537322438045569,1.4561950349032906,1
-0.7691803671205052,0.22726589714920728,-1.3867285329631442,-0.5494435842282511,2.2275133945543315,-0.37396814354176694,-0.029715721809335013,0.026474091502062255,-0.005617408428759358,-0.36112077622557726,-0.9680375263688714,1
-0.2270802639910546,0.003195121456519432,-0.16758133447482107,-0.5494435842282511,-0.49399489118150397,-0.06589434889993236,1.896784652350528,-0.3981187345838259,-0.27550129625467595,-0.8000379775940472,-0.9680375263688714,1
2.0015534933189074,-1.6773356962386428,1.5087460634466232,-0.8771501280176109,-0.3862123848157282,-1.2981895274672708,-1.2177242858745838,0.7750982848640442,-1.1526239316889033,0.37040789272187313,-0.5018389568934555,1
-2.034080607755889,-0.6129995116983735,-1.3867285329631442,-0.38559031233357094,-1.7873849675708118,0.03679691598067917,-0.12604074051732816,-2.4819756310317245,2.524544039939203,0.6630193603008536,2.8547907433295383,1
-0.16684691919889366,-1.957424165854503,0.492790064706354,-2.3518295750697313,-1.7334937143879239,2.09062221359291,2.025218010627852,-2.4819756310317245,-2.6032498287532055,-1.5315666465414979,2.108873032168872,1
0.8571199422678455,-1.1731764509300942,1.3563526636355832,0.2698227752451489,0.6916126788420288,1.2690920945480175,1.190401181825245,0.9427007162137221,-0.2080303242981983,1.2482422954588137,-0.7815580985787057,0
-1.3715138150421167,-0.1648579603129969,-1.3867285329631442,-1.5325632155963311,-1.3023636889248211,-0.06589434889993236,-0.6397741736266249,-1.2473043867556022,0.33173745135363486,-1.458413779646753,-0.8747978124737885,0
-1.6124471942107614,0.4793455198034818,-1.3867285329631442,-1.2048566718069709,0.4221564129275893,0.03679691598067917,0.41980103216129966,-1.3478658455654586,1.8160988343961761,-0.9463437113835373,-0.5018389568934555,0
-0.10661357440673272,0.7314251424577564,-0.26917693434884793,-0.2217370404388908,-0.6556686507301669,-0.6820419381836015,-0.7360991923346181,0.0488210823487108,-0.07308838038524,2.5649938995642243,-0.12888010131312252,0
-0.8896470567048276,0.8434605303041005,-0.929548333530023,2.1541354020339694,-0.7095599039130548,-0.06589434889993236,-0.5434491549186318,-0.8227115606697141,0.6690923111360321,-0.9463437113835373,0.6170376098475419,0
-0.28731360878321605,2.131867490537058,-1.03114393340405,-0.7132968561229313,-1.2484724357419332,0.6529445052643483,0.034500957329327085,-0.8171248129580829,1.3438020307008205,-1.604719513436243,0.24407875426720882,1
0.6161865630992017,-1.117158757006922,0.8991724642024619,-1.368709943701651,-1.3023636889248211,0.34487071062251373,-0.2865824383639834,-0.9679670011728055,-0.8827400438629868,1.7603123637220295,0.6170376098475419,1
1.1582866662286513,-1.3412295326996104,1.1023636639505157,0.43367604713982905,-1.1945811825590458,-1.0928069977060477,-1.0571825880279286,0.4957608992812475,-1.7598626792972172,0.6630193603008536,0.05759932647704314,1
-0.28731360878321605,-0.5569818177752014,0.23880106502128676,0.7613825909291886,-0.0628648657184009,1.371783359428629,0.38769269259196865,0.3840259450480668,-0.005617408428759358,-0.06850930864659677,-0.12888010131312252,0
1.0980533214364903,-1.2291941448532662,0.8483746642654483,-0.057883768544211386,-0.0628648657184009,0.6529445052643483,0.002392617759996037,1.1661706246800214,0.061853563527718286,0.1509492920376386,-0.6883183846836228,1
-0.8294137119126661,1.7397436330748532,-0.31997473428586143,2.1541354020339694,-0.3862123848157282,0.03679691598067917,0.612451069577286,0.9538742116370464,1.478743974613779,0.5167136265113633,-1.1078970972114965,1
1.5799200797737798,-1.789371084084987,1.1023636639505157,0.7613825909291886,0.3682651597447015,-0.47665940842237847,-0.4471241362106387,0.2722909908149481,-0.6128561560370701,0.2241021589323837,1.1764758932180406,1
-0.28731360878321605,-0.1648579603129969,-0.929548333530023,-0.2217370404388908,1.8233289956826737,-0.57935067330299,-0.12604074051732816,0.2164235136983888,-0.8827400438629868,-0.214815042436087,-0.8747978124737885,0
-1.2510471254577942,-0.5009641238520293,0.594385664580381,0.2698227752451489,-0.22453862526706456,-0.9901157328254361,-1.0250742484585975,-0.6495223816083429,1.3438020307008205,0.29725502582712804,0.523797895952459,1
2.453303579260115,-0.8370702873910617,1.6611394632576637,0.43367604713982905,-0.008973612535513008,1.5771658891898521,0.8372094465626033,1.6131104416125581,-1.42250781951482,0.5898664934061085,0.05759932647704314,0
-1.6124471942107614,0.7314251424577564,-1.3867285329631442,-0.2217370404388908,0.3143739065618136,-1.2981895274672708,-1.1213992671665907,-1.6383767265715796,2.524544039939203,-0.1416621755413419,2.2021127460639565,1
-0.4680136431596994,-0.05282257246665268,0.7467790643914213,-0.057883768544211386,0.3143739065618136,-0.784733203064213,-0.2544740987946524,0.2722909908149481,1.8160988343961761,-0.2879679093308321,0.05759932647704314,1
0.9775866318521684,0.003195121456519432,1.5087460634466232,0.10596950335046876,0.6377214256591409,1.4744746243092406,0.19504265517598235,0.2164235136983888,-0.8152690719065091,0.8093250940903438,1.0832361793229577,1
-0.5884803327440218,-0.9210968282758198,1.1023636639505157,0.2698227752451489,0.3682651597447015,2.398696008234744,1.928892991919859,-0.06291387188440786,0.33173745135363486,0.9556308278798341,0.523797895952459,0
-0.347546953575377,0.9835047651120302,-0.8787505335930095,0.43367604713982905,0.15270014701315066,-0.6820419381836015,-0.6397741736266249,0.4957608992812475,0.5341503672230739,-1.1658023120677727,-0.6883183846836228,0
1.519686734981619,-1.5092826144691265,0.8991724642024619,1.5806489504025885,-1.1406899293761579,0.44756197550312526,0.09871763646798919,0.2722909908149481,-1.2200949036453839,-0.8000379775940472,-0.7815580985787057,0
1.399220045397296,1.683725939151681,0.492790064706354,0.43367604713982905,0.2604826533789257,1.0637095647867945,0.7729927674239412,0.7750982848640442,-1.017681987775945,-0.9463437113835373,-0.5018389568934555,0
-1.130580435873472,-0.7250348995447174,-0.21837913441183443,-1.2048566718069709,-0.8173424102788306,-1.0928069977060477,-1.0892909275972598,-0.5098536888169446,0.1967955074406766,-0.6537322438045569,-1.1545169541590388,0
0.315019839138396,-1.4532649205459542,0.9499702641394754,-0.38559031233357094,0.7455039320249167,0.44756197550312526,-0.5434491549186318,-1.023834478289365,-0.34297226821115656,-0.6537322438045569,0.8035170376377091,1
0.6161865630992017,-0.5569818177752014,0.8483746642654483,-0.7132968561229313,0.20659140019603855,-0.6820419381836015,-0.7682075319039492,0.20525001827506453,-0.2080303242981983,-0.7268851106993021,-0.8747978124737885,0
-0.6487136775361827,0.5073543667650678,-1.0819417333410635,0.5975293190345091,-0.22453862526706456,-0.06589434889993236,1.254617860963907,0.4175464313180396,1.3438020307008205,-0.8000379775940472,-0.8747978124737885,0
-0.347546953575377,1.0395224590352024,-1.3359307330261307,-0.38559031233357094,-0.9251249166446064,1.5771658891898521,-0.09393240094799711,-1.6774839605531835,0.6690923111360321,-0.5805793769098126,1.269715607113125,1
-0.7691803671205052,-0.22087565423616903,1.1023636639505157,2.1541354020339694,-1.1406899293761579,1.0637095647867945,2.4105180854598247,0.3840259450480668,0.1967955074406766,0.8093250940903438,0.05759932647704314,0
0.6161865630992017,-0.7810525934678896,0.6451834645173946,0.43367604713982905,-0.4401036379986161,-0.57935067330299,-0.6397741736266249,0.9427007162137221,0.1967955074406766,0.7361722271955987,-0.22211981520820703,1
0.01385311517759022,-0.6129995116983735,0.5435878646433675,0.2698227752451489,0.6916126788420288,0.8583270350255714,0.4519093717306307,0.6633633306309255,-0.005617408428759358,0.37040789272187313,0.33731846816229333,1
-0.16684691919889366,-1.117158757006922,1.3055548636985697,0.2698227752451489,0.5299389192933651,0.24217944574190223,1.0940761631172518,0.4957608992812475,0.3992084233101155,1.1019365616693244,-0.7815580985787057,1
-0.16684691919889366,0.2832835910723794,-0.5739637339709287,-0.5494435842282511,2.0927852615971125,-1.2981895274672708,-1.249832625443915,-1.2137839004856914,-0.6128561560370701,-0.5074265100150674,0.7102773237426246,1
-0.8294137119126661,0.8714693772656866,-1.3867285329631442,0.2698227752451489,1.2844164638537947,0.6529445052643483,-0.2865824383639834,-0.06291387188440786,1.0064471709184264,-0.5805793769098126,0.15083904037212598,1
-0.347546953575377,0.7874428363809284,-0.21837913441183443,-0.38559031233357094,0.3682651597447015,0.1394881808612907,1.6078095962265486,-0.2863837803507072,0.061853563527718286,-1.238955178962518,-0.8747978124737885,0
-0.8896470567048276,1.4316463164974071,-1.3867285329631442,0.10596950335046876,1.2305252106709068,-0.16858561378054387,-0.5113408153493008,-0.06291387188440786,1.4112730026573013,-0.7268851106993021,0.24407875426720882,1
-0.7691803671205052,0.5073543667650678,-0.8787505335930095,-1.5325632155963311,-0.5478861443643919,1.166400829667406,0.5482343904386239,-0.3981187345838259,-0.2080303242981983,-0.2879679093308321,-1.1545169541590388,0
-0.8896470567048276,-0.1088402663898248,-1.3359307330261307,-0.38559031233357094,-0.3862123848157282,-0.6820419381836015,-0.671882513195956,-0.5098536888169446,0.12932453548419892,-0.6537322438045569,-0.8747978124737885,1
-0.9498804014969885,-0.27689334815934113,-0.9803461334670364,-0.38559031233357094,-0.9251249166446064,0.24217944574190223,-0.38290745707197654,-0.6662826247433603,0.12932453548419892,-0.06850930864659677,-0.6883183846836228,0
-0.5884803327440218,0.31129243803396545,-0.47236813409690187,0.10596950335046876,-0.17064737208417666,-0.06589434889993236,0.4519093717306307,-0.1858223215408508,-0.005617408428759358,-0.8000379775940472,-0.5950786707885384,0
0.4354865287227178,0.003195121456519432,1.1023636639505157,-0.7132968561229313,2.2275133945543315,-0.9901157328254361,-0.671882513195956,0.43989342216468813,-0.27550129625467595,-0.2879679093308321,-0.9680375263688714,1
-0.9498804014969885,-0.6129995116983735,-0.015187934663780522,2.1541354020339694,-0.7095599039130548,0.8583270350255714,2.5228972739524833,-1.0685284599826,-1.017681987775945,-0.5805793769098126,0.8035170376377091,1
2.182253527695391,-0.8370702873910617,1.2039592638245427,-0.5494435842282511,2.14667651478,-0.8874244679448245,-0.8324242110426112,1.6131104416125581,-0.4779142121241119,0.8093250940903438,-0.035640387418039696,1
-0.10661357440673272,0.7874428363809284,1.4071504635725967,-0.8771501280176109,1.9311115020484495,1.6798571540704637,2.5228972739524833,0.0488210823487108,-0.9502110158194674,-0.214815042436087,-0.9680375263688714,0
0.315019839138396,-0.05282257246665268,0.3403966648953138,0.5975293190345091,0.3143739065618136,0.8583270350255714,2.4426264250291556,0.8309657619806035,-0.34297226821115656,-0.2879679093308321,-0.8747978124737885,0
-0.4077802983675385,-0.6129995116983735,-0.9803461334670364,0.5975293190345091,0.15270014701315066,-0.06589434889993236,0.06660929689865813,0.0488210823487108,-0.6803271279935508,-0.43427364312032235,-0.4085992429983727,0
-0.10661357440673272,1.4036374695358211,-0.21837913441183443,0.43367604713982905,-1.1945811825590458,-1.0928069977060477,-0.9929659088892665,0.16055603658182946,0.3992084233101155,-0.6537322438045569,0.8035170376377091,0
0.9775866318521684,-1.4532649205459542,1.1023636639505157,2.1541354020339694,0.04491764064737488,-0.6820419381836015,-0.9287492297506044,-1.0461814691360134,-0.8152690719065091,-0.9463437113835373,1.9223936043787064,1
1.7606201141502626,0.7314251424577564,-0.16758133447482107,0.2698227752451489,0.20659140019603855,0.03679691598067917,0.2271509947453134,1.4455080102628182,-1.6923917073407364,0.5167136265113633,0.523797895952459,1
2.423186906864036,-1.4532649205459542,1.1023636639505157,1.252942406613229,-0.11675611890128879,1.2690920945480175,0.002392617759996037,1.4455080102628182,-0.7477980999500284,1.1019365616693244,-0.22211981520820703,1
2.182253527695391,0.9274870711888581,1.3055548636985697,1.7445022222972686,2.2275133945543315,-0.8874244679448245,-0.8003158714732802,1.389640533146259,-0.9502110158194674,1.394548029248304,1.6426744626934564,1
-0.16684691919889366,0.5073543667650678,0.2895988649583003,0.5975293190345091,0.3682651597447015,0.03679691598067917,-0.2865824383639834,0.2722909908149481,-0.005617408428759358,-0.5074265100150674,0.24407875426720882,1
-1.6124471942107614,0.059212815379691544,-1.1835373332150902,-1.0410033999122912,-1.7334937143879239,-1.0928069977060477,-1.0571825880279286,-1.403733322682018,2.524544039939203,-0.5074265100150674,0.896756751532792,0
0.13431980476191208,-0.5009641238520293,1.1531614638875292,-0.7132968561229313,2.2275133945543315,-0.06589434889993236,-0.2544740987946524,-0.20816931238749933,-2.0297465671231336,2.5649938995642243,-0.9680375263688714,0
2.2424868724875524,-0.8370702873910617,1.4579482635096102,-0.38559031233357094,0.6377214256591409,-0.9901157328254361,-0.7039908527652871,1.4175742717045385,-1.1526239316889033,0.4435607596166182,0.4305581820573761,1
-0.28731360878321605,0.6473986015729981,-1.3867285329631442,2.1541354020339694,0.2604826533789257,-1.0928069977060477,-0.8966408901812734,1.054435670446903,0.6016213391795514,-0.7268851106993021,-0.7815580985787057,1
0.9775866318521684,-1.5653003083922985,0.9499702641394754,-1.0410033999122912,-1.032907423010382,1.0637095647867945,-0.12604074051732816,-0.4539862117003852,-0.8827400438629868,1.321395162353559,0.15083904037212598,1
-0.6487136775361827,2.6360267358456064,-1.3867285329631442,1.089089134718549,1.1227427043051312,-0.8874244679448245,-0.9608575693199355,-0.47633320254703376,0.8040342550489904,-1.3852609127520077,-0.4085992429983727,0
0.315019839138396,0.4513366728418957,0.13720546514725973,0.7613825909291886,0.3682651597447015,0.1394881808612907,0.002392617759996037,0.4957608992812475,-0.34297226821115656,-1.0194965782782826,-1.0612772402639543,0
-0.046380229614571784,1.4036374695358211,-1.3867285329631442,-0.2217370404388908,0.4221564129275893,-0.2712768786611554,-0.6397741736266249,0.6074958535143662,0.3992084233101155,-1.3852609127520077,-0.7815580985787057,0
-1.3112804702499556,0.1712482032260358,-1.3867285329631442,-0.2217370404388908,-0.11675611890128879,-0.9901157328254361,-1.185615946305253,-1.0685284599826,1.8835698063526536,-0.8000379775940472,0.9899964654278748,1
1.399220045397296,-1.3972472266227822,0.594385664580381,2.1541354020339694,-0.6556686507301669,-0.9901157328254361,-0.7360991923346181,2.4790563369192897,-1.2875658756018615,0.07779642514289346,-1.1545169541590388,0
-0.7691803671205052,2.495982501037676,-1.1835373332150902,-0.5494435842282511,0.3143739065618136,-0.37396814354176694,0.676667748715948,-0.5936549044917836,0.2642664793971572,-0.36112077622557726,-0.9680375263688714,0
-0.046380229614571784,-0.5009641238520293,-0.16758133447482107,-0.057883768544211386,-0.9790161698274943,-0.57935067330299,-0.5755574944879629,-0.32549101433231115,-0.4104432401676342,-0.8731908444887923,-0.22211981520820703,1
-0.8896470567048276,-0.6690172056215457,0.18800326508427323,2.1541354020339694,0.15270014701315066,1.0637095647867945,-0.029715721809335013,0.853312752827252,0.46667939526659313,-0.06850930864659677,-0.31535952910328985,1
-1.8533805733794058,0.6473986015729981,-1.3867285329631442,-0.3036636763862312,-0.0628648657184009,-0.06589434889993236,-0.5755574944879629,-1.2696513776022507,2.524544039939203,-0.2879679093308321,1.9223936043787064,1
-0.6487136775361827,0.2832835910723794,1.3563526636355832,-0.38559031233357094,1.7694377424997858,-1.2981895274672708,-1.185615946305253,0.26670424310331703,0.12932453548419892,-0.5805793769098126,-0.12888010131312252,0
0.315019839138396,-1.4532649205459542,0.594385664580381,-0.5494435842282511,1.014960197939356,0.44756197550312526,-0.6076658340572939,-0.6998031110132711,-1.0851529597324256,0.29725502582712804,0.7102773237426246,1
2.453303579260115,-0.33291104208251326,1.1023636639505157,2.1541354020339694,0.20659140019603855,-0.9901157328254361,0.034500957329327085,2.4790563369192897,-0.07308838038524,0.2241021589323837,2.108873032168872,1
2.453303579260115,1.7397436330748532,1.8135328630687042,0.10596950335046876,0.3682651597447015,-0.2712768786611554,-0.35079911750264553,1.6689779187291176,-1.42250781951482,-0.36112077622557726,-0.035640387418039696,1
-1.0101137462891498,0.2832835910723794,-1.2851329330891172,0.10596950335046876,-0.6556686507301669,0.34487071062251373,-0.19025741965599027,-1.5880959971666513,0.46667939526659313,0.07779642514289346,2.0156333182737893,1
-0.7691803671205052,0.059212815379691544,-0.929548333530023,-0.5494435842282511,-0.008973612535513008,-0.57935067330299,-0.9608575693199355,-1.074115207694293,0.8040342550489904,-0.43427364312032235,0.9899964654278748,1
0.19455314955407302,-0.22087565423616903,0.03560986527323299,-0.7132968561229313,1.5538727297682342,0.44756197550312526,2.5228972739524833,0.2722909908149481,-2.569514342774964,2.5649938995642243,-0.5018389568934555,1
-0.5282469879518603,0.003195121456519432,-0.06598573460079403,-0.5494435842282511,1.068851451122244,0.03679691598067917,0.8372094465626033,-0.5657211659335039,-1.0851529597324256,-0.5805793769098126,-0.9680375263688714,0
-0.4680136431596994,-0.1648579603129969,0.4419922647693405,2.1541354020339694,-0.5478861443643919,0.1394881808612907,1.800459633642535,0.6074958535143662,0.2642664793971572,1.1019365616693244,0.05759932647704314,0
0.3752531839305569,-1.1731764509300942,0.18800326508427323,-0.5494435842282511,0.3682651597447015,-0.37396814354176694,-0.8645325506119423,-0.5657211659335039,-0.9502110158194674,-0.7268851106993021,-0.035640387418039696,1
2.0015534933189074,0.003195121456519432,1.9659262628797447,2.1541354020339685,2.14667651478,-0.9901157328254361,-1.0250742484585975,0.6074958535143662,-1.7598626792972172,0.6630193603008536,0.9899964654278748,1
-0.4680136431596994,0.22726589714920728,-1.2851329330891172,0.43367604713982905,-0.22453862526706456,-0.47665940842237847,-0.35079911750264553,-0.6383488861850807,0.33173745135363486,-0.214815042436087,0.33731846816229333,1
-0.8896470567048276,0.22726589714920728,-1.3867285329631442,0.2698227752451489,-0.49399489118150397,1.6798571540704637,0.5803427300079549,-1.0070742351544095,0.8040342550489904,-0.6537322438045569,0.7102773237426246,1
-0.10661357440673272,1.0955401529583744,-0.26917693434884793,-0.2217370404388908,-0.49399489118150397,-0.47665940842237847,-0.1581490800866592,-0.007046394767848533,0.33173745135363486,-0.7268851106993021,-1.2477566680541214,0
-0.4077802983675385,-0.38892873600568506,-0.8279527336559962,0.43367604713982905,-0.11675611890128879,-0.37396814354176694,0.09871763646798919,0.0488210823487108,-0.6803271279935508,-0.5805793769098126,-0.4085992429983727,0
-0.7691803671205052,1.4036374695358211,-0.9803461334670364,-0.5494435842282511,0.6377214256591409,-0.57935067330299,-0.8645325506119423,-0.6215886430500632,0.6016213391795514,-1.312108045857263,-0.4085992429983727,0
1.0980533214364903,0.6754074485345842,0.492790064706354,2.1541354020339694,1.5538727297682342,-0.47665940842237847,0.612451069577286,2.4790563369192897,0.061853563527718286,-0.06850930864659677,-0.035640387418039696,1
0.07408645996975116,-0.8930879813142338,1.3055548636985697,-0.8771501280176109,2.2275133945543315,-0.6820419381836015,-0.6397741736266249,0.6633633306309255,-1.6923917073407364,2.5649938995642243,-1.2477566680541214,1
-1.0703470910813109,-0.7250348995447174,-0.8787505335930095,-0.5494435842282511,-0.27842987844995243,1.4744746243092406,0.034500957329327085,-0.6551091293200361,0.33173745135363486,-1.238955178962518,-0.9680375263688714,1
-0.2270802639910546,-1.2291941448532662,0.23880106502128676,-0.7132968561229313,-0.8173424102788306,-0.16858561378054387,-0.31869077793331446,-1.7165911945347874,0.6690923111360321,-0.6537322438045569,2.0156333182737893,1
0.315019839138396,0.4513366728418957,-0.6755593338449556,0.10596950335046876,-0.7634511570959427,-0.57935067330299,-0.12604074051732816,0.10468855946527013,-0.8152690719065091,-0.43427364312032235,-0.8747978124737885,0
-0.7691803671205052,1.2075755408047186,-0.7771549337189826,-0.8771501280176109,1.7694377424997858,-0.06589434889993236,0.5803427300079549,-0.46515970712370946,-0.6128561560370701,-0.43427364312032235,-0.8747978124737885,1
-0.4077802983675385,-0.7250348995447174,0.08640766521024622,-0.7132968561229313,-0.17064737208417666,1.371783359428629,0.644559409146617,0.2164235136983888,0.9389761989619486,-0.43427364312032235,-0.8747978124737885,1
0.4354865287227178,-0.7810525934678896,0.6451834645173946,-1.696416487491011,-2.0029499803023634,0.9610182999061829,0.13082597603732024,-1.0797019554059242,-0.7477980999500284,1.321395162353559,0.4305581820573761,1
1.0378199766443292,-0.8370702873910617,0.5435878646433675,-1.2048566718069709,2.2275133945543315,1.166400829667406,1.4151595588105623,1.3561200468763481,-1.0851529597324256,0.004643558248148351,-1.8071949514246202,0
0.13431980476191208,-1.06114106308375,0.6451834645173946,2.1541354020339694,-1.410146195290597,-1.2981895274672708,-1.185615946305253,0.37285244962480457,0.46667939526659313,0.07779642514289346,1.0832361793229577,1
-0.5282469879518603,-0.6690172056215457,-0.16758133447482107,-0.8771501280176109,-0.8173424102788306,0.24217944574190223,0.034500957329327085,-0.6215886430500632,0.3992084233101155,-0.214815042436087,-0.035640387418039696,0
-0.5884803327440218,-0.4449464299288572,0.4419922647693405,2.1541354020339694,-0.3862123848157282,-0.37396814354176694,1.3188345401025692,0.6074958535143662,0.12932453548419892,1.321395162353559,0.05759932647704314,0
-0.046380229614571784,-0.8370702873910617,0.23880106502128676,0.2698227752451489,-0.0628648657184009,0.8583270350255714,0.8051011069932723,-0.2640367895040587,-0.27550129625467595,1.467700896143049,0.523797895952459,1
-0.347546953575377,-1.5092826144691265,0.13720546514725973,-1.0410033999122912,-1.1945811825590458,0.44756197550312526,-0.2544740987946524,-1.0126609828660407,-0.14055935234171765,-1.312108045857263,0.33731846816229333,1
-0.6487136775361827,-1.06114106308375,-0.31997473428586143,0.2698227752451489,-0.3323211316328403,2.6040785379959672,0.7087760882852792,-0.47633320254703376,0.3992084233101155,-0.8000379775940472,-0.31535952910328985,1
-0.5884803327440218,-0.22087565423616903,-0.8787505335930095,0.43367604713982905,-0.7095599039130548,-1.1954982625866593,-1.0250742484585975,-0.6104151476268009,-0.07308838038524,-1.312108045857263,0.05759932647704314,0
-0.2270802639910546,-1.957424165854503,0.6451834645173946,-0.2217370404388908,-1.7334937143879239,2.296004743354133,0.676667748715948,-0.3981187345838259,0.12932453548419892,2.05292383130101,0.8035170376377091,0
-0.2270802639910546,-1.2852118387764382,2.0675218627537717,2.1541354020339694,-1.679602461205036,2.244659110913827,2.5228972739524833,-1.9847550846942599,-2.0297465671231336,-1.0194965782782826,1.7359141765885409,1
-0.9498804014969885,0.9554959181504441,-0.9803461334670364,2.1541354020339694,-0.7634511570959427,-0.784733203064213,-0.9608575693199355,-1.8841936258844654,0.8040342550489904,-0.9463437113835373,2.0156333182737893,0
0.5559532183070397,0.059212815379691544,0.18800326508427323,-0.057883768544211386,1.66165523613401,-0.47665940842237847,-0.2544740987946524,0.15496928887019834,-0.4779142121241119,-0.6537322438045569,0.4305581820573761,0
-1.3112804702499556,-1.1731764509300942,-0.11678353453780754,-0.8771501280176109,0.2604826533789257,-1.0928069977060477,-0.4471241362106387,-1.1579164233691321,0.33173745135363486,-1.5315666465414979,-0.31535952910328985,0
-0.7691803671205052,-0.6129995116983735,0.391194464832327,-1.2048566718069709,0.3682651597447015,0.03679691598067917,-0.2223657592253213,-0.34225125746726653,0.1967955074406766,-0.7268851106993021,-1.1545169541590388,0
2.453303579260115,0.4793455198034818,1.9659262628797447,2.1541354020339694,0.09880889383026277,-0.8874244679448245,-0.12604074051732816,2.4790563369192897,-1.6249207353842587,0.5898664934061085,-0.4085992429983727,1
0.3752531839305569,0.5073543667650678,-0.4215703341598883,2.1541354020339694,2.2275133945543315,2.706769802876579,2.5228972739524833,1.054435670446903,-0.9502110158194674,2.05292383130101,-1.1545169541590388,0
0.315019839138396,-0.33291104208251326,1.1023636639505157,0.9252358628238687,0.20659140019603855,0.1394881808612907,2.057326350197183,0.8309657619806035,-0.14055935234171765,-0.36112077622557726,-0.5950786707885384,0
-0.5884803327440218,0.3393012849955515,-0.06598573460079403,2.1541354020339694,-0.601777397547279,1.9879309487122983,2.4105180854598247,0.7750982848640442,0.3992084233101155,-1.1658023120677727,-0.9680375263688714,0
-0.10661357440673272,-0.8370702873910617,1.0515658640135022,-0.8771501280176109,2.2275133945543315,-1.0928069977060477,-0.9287492297506044,0.4957608992812475,-0.07308838038524,2.5649938995642243,-0.9680375263688714,0
-0.4680136431596994,-0.6690172056215457,-0.6247615339079422,2.1541354020339694,1.2305252106709068,1.371783359428629,1.5435929170878864,0.641016339784277,-1.1526239316889033,-0.5074265100150674,-1.2477566680541214,0
-1.4317471598342775,-0.7530437465063035,-0.7263571337819691,0.10596950335046876,-1.356254942107709,-0.16858561378054387,-0.5755574944879629,-1.7277646899581116,2.085982722222093,0.1509492920376386,1.8291538904836235,1
0.25478649434623396,1.627708245228509,-1.2851329330891172,-1.8602697593856912,-0.601777397547279,2.09062221359291,0.06660929689865813,-0.8450585515163626,-0.7477980999500284,-0.5074265100150674,-0.5950786707885384,0
-0.7089470223283442,-1.733353390161815,1.1023636639505157,-0.8771501280176109,-2.272406246216802,-0.784733203064213,-0.8966408901812734,-1.8283261487679061,0.5341503672230739,-0.6537322438045569,1.8291538904836235,1
-0.4077802983675385,-0.1088402663898248,-0.6247615339079422,0.7613825909291886,1.5538727297682342,1.7825484189510752,0.8693177861319343,-0.6774561201666226,-0.9502110158194674,-0.1416621755413419,-0.22211981520820703,1
0.7968865974756845,0.059212815379691544,0.7467790643914213,0.10596950335046876,-0.008973612535513008,0.9610182999061829,0.19504265517598235,0.16055603658182946,-0.7477980999500284,0.4435607596166182,0.896756751532792,1
2.453303579260115,-0.6690172056215457,1.3563526636355832,0.7613825909291886,1.176633957488019,0.34487071062251373,-0.1581490800866592,1.4957887396677463,-0.6803271279935508,0.8093250940903438,0.8035170376377091,1
2.453303579260115,-0.5569818177752014,1.5595438633836367,-0.7132968561229313,-0.601777397547279,-0.06589434889993236,-0.19025741965599027,2.060050258545033,-1.6923917073407364,-1.1658023120677727,-1.3409963819492043,0
1.1582866662286513,-1.117158757006922,0.9499702641394754,-0.7132968561229313,-0.008973612535513008,-0.9901157328254361,-1.185615946305253,-0.24168979865741014,-1.42250781951482,-1.238955178962518,-0.035640387418039696,1
0.19455314955407302,0.11523050930286366,-0.929548333530023,1.5806489504025885,-0.7095599039130548,-0.784733203064213,-0.9287492297506044,0.3560922064897871,-0.5453851840805926,-1.5315666465414979,-0.4085992429983727,0
0.9173532870600074,-0.7810525934678896,0.7975768643284348,-1.1229300358596312,-0.7095599039130548,-1.0928069977060477,-1.1213992671665907,-1.0797019554059242,-0.8152690719065091,-1.3852609127520077,0.896756751532792,0
1.519686734981619,-0.1648579603129969,0.9499702641394754,0.2698227752451489,-0.4401036379986161,-1.0928069977060477,-0.6076658340572939,1.8924478271953549,-1.7598626792972172,-0.06850930864659677,-0.8747978124737885,0
0.13431980476191208,-1.3972472266227822,1.4579482635096102,-0.8771501280176109,0.583830172476253,1.9879309487122983,1.8325679732118658,0.10468855946527013,-0.07308838038524,0.7361722271955987,0.05759932647704314,1
-1.7931472285872447,-0.33291104208251326,-0.8279527336559962,-0.2217370404388908,-1.7873849675708118,0.03679691598067917,1.3830512192412312,-2.4819756310317245,1.5462149465702595,1.6871594968272845,2.8547907433295383,1
0.4354865287227178,1.627708245228509,-0.6755593338449556,0.43367604713982905,0.4221564129275893,-0.6820419381836015,-0.7360991923346181,0.9427007162137221,0.5341503672230739,-0.1416621755413419,-0.5950786707885384,0
2.423186906864036,-0.7810525934678896,1.8135328630687042,-0.057883768544211386,0.5299389192933651,-0.9901157328254361,-0.8966408901812734,2.060050258545033,-1.017681987775945,-1.1658023120677727,-0.8747978124737885,0
-0.28731360878321605,0.2832835910723794,-0.7263571337819691,-0.38559031233357094,1.1227427043051312,0.1394881808612907,-0.31869077793331446,-1.2919983684488991,-0.4779142121241119,-0.8731908444887923,0.7102773237426246,1
-0.16684691919889366,0.9835047651120302,-1.132739533278077,-0.7132968561229313,-0.3862123848157282,-0.784733203064213,-0.8645325506119423,-0.2863837803507072,0.1967955074406766,2.1992295650904996,0.05759932647704314,1
0.3752531839305569,1.7397436330748532,0.3403966648953138,-1.5325632155963311,-1.679602461205036,-1.1954982625866593,-1.1535076067359218,-0.6551091293200361,-1.2875658756018615,-1.238955178962518,-1.2477566680541214,1
-0.28731360878321605,0.5073543667650678,-1.132739533278077,-0.057883768544211386,-0.11675611890128879,-0.9901157328254361,-0.8966408901812734,0.3560922064897871,-0.14055935234171765,-0.1416621755413419,-1.0612772402639543,0
-0.28731360878321605,0.2832835910723794,-1.2851329330891172,-0.5494435842282511,-0.4401036379986161,-0.6820419381836015,-0.8966408901812734,0.0488210823487108,0.33173745135363486,-0.5805793769098126,-0.8747978124737885,1
-1.6124471942107614,-1.2291941448532662,2.5754998621239062,2.1541354020339694,-0.3862123848157282,0.7556357701449599,1.4793762379492243,0.0320608392137554,0.5341503672230739,-1.238955178962518,0.05759932647704314,1
-0.6487136775361827,0.7034162954961702,-1.2343351331521037,-0.8771501280176109,-0.17064737208417666,-0.8874244679448245,-1.0892909275972598,-0.4707464548353406,0.1967955074406766,-1.897330981015223,-0.8747978124737885,0
-0.8294137119126661,0.11523050930286366,-0.6247615339079422,-0.2217370404388908,-0.27842987844995243,0.34487071062251373,-0.19025741965599027,-0.34225125746726653,0.6690923111360321,-0.43427364312032235,-0.31535952910328985,0
-0.347546953575377,0.7314251424577564,-1.1835373332150902,-1.2048566718069709,-2.272406246216802,-1.1954982625866593,-1.185615946305253,-0.2863837803507072,0.6016213391795514,-1.312108045857263,-0.9680375263688714,0
-1.9136139181715672,-0.1088402663898248,-0.47236813409690187,-0.38559031233357094,-2.1107324866681387,0.03679691598067917,1.7683512940732038,-2.40934791078021,1.0064471709184264,1.6140066299325393,2.2953524599590396,1
0.4957198735148788,1.4876640104205792,-1.3867285329631442,0.43367604713982905,0.7993951852078045,-0.47665940842237847,-0.6397741736266249,1.5013754873793774,0.2642664793971572,1.321395162353559,-0.9680375263688714,1
0.9173532870600074,0.7314251424577564,0.594385664580381,1.4167956785079092,0.09880889383026277,0.5502532403837368,0.41980103216129966,1.222038101796581,0.3992084233101155,0.4435607596166182,0.9899964654278748,1
-0.5282469879518603,0.8434605303041005,-0.5739637339709287,-0.8771501280176109,-0.17064737208417666,-0.37396814354176694,-0.2223657592253213,0.5516283763978068,1.2763310587443428,0.37040789272187313,-0.5018389568934555,1
2.0015534933189074,-0.5009641238520293,1.8643306630057177,-0.38559031233357094,-1.1945811825590458,-1.0928069977060477,-0.9929659088892665,0.7192308077474848,-0.6803271279935508,0.1509492920376386,-0.22211981520820703,1
0.4354865287227178,-0.4449464299288572,1.1023636639505157,0.43367604713982905,0.15270014701315066,0.5502532403837368,0.9335344652705965,1.1103031475634622,0.2642664793971572,-0.5805793769098126,-0.6883183846836228,0
0.01385311517759022,1.7677524800364393,-1.3359307330261307,-0.2217370404388908,-0.601777397547279,-1.0928069977060477,-1.0250742484585975,-0.007046394767848533,0.061853563527718286,-0.5074265100150674,0.523797895952459,0
-0.7691803671205052,0.8714693772656866,-1.3867285329631442,-0.7132968561229313,-0.7634511570959427,2.501387273115356,0.5482343904386239,0.6633633306309255,1.9510407783091344,1.1750894285640694,-0.5018389568934555,0
-1.2510471254577942,0.9554959181504441,-0.6247615339079422,2.1541354020339694,-0.27842987844995243,-0.2712768786611554,-0.6076658340572939,-0.275210284927383,1.5462149465702595,-0.36112077622557726,1.3629553210082077,1
0.3752531839305569,-0.1648579603129969,-0.31997473428586143,-0.2217370404388908,0.3682651597447015,0.5502532403837368,-0.2223657592253213,0.1158620548885944,0.12932453548419892,1.321395162353559,0.6170376098475419,1
-2.1545472973402116,0.39531897891872364,-0.5231659340339152,-0.057883768544211386,-1.2484724357419332,0.1394881808612907,1.928892991919859,-1.9624080938476733,2.524544039939203,-0.36112077622557726,2.2953524599590396,1
1.0378199766443292,-1.5092826144691265,1.3563526636355832,-0.7132968561229313,0.09880889383026277,2.706769802876579,0.9014261257012655,-1.2305441436206468,-2.2321594829925697,-0.1416621755413419,1.269715607113125,1
0.19455314955407302,0.8714693772656866,-0.8787505335930095,-1.2048566718069709,0.583830172476253,-1.2981895274672708,-1.0892909275972598,0.41195968360634644,-0.005617408428759358,0.004643558248148351,-0.8281779555262463,1
2.453303579260115,-1.3412295326996104,2.423106462312866,0.7613825909291886,0.15270014701315066,0.7556357701449599,-0.09393240094799711,1.054435670446903,-1.8273336512536948,0.2241021589323837,0.896756751532792,1
-0.7089470223283442,0.7314251424577564,-1.3867285329631442,0.10596950335046876,-1.5718199548392606,-0.9901157328254361,-1.1213992671665907,-1.9735815892709976,0.2642664793971572,0.07779642514289346,2.108873032168872,1
-0.16684691919889366,1.2075755408047186,1.4579482635096102,-0.5494435842282511,1.9850027552313365,1.4744746243092406,2.5228972739524833,0.0488210823487108,-0.4779142121241119,0.07779642514289346,-0.9680375263688714,0
-0.28731360878321605,0.4513366728418957,0.08640766521024622,-1.2048566718069709,1.7694377424997858,-0.6820419381836015,-0.5434491549186318,0.3840259450480668,-0.34297226821115656,2.5649938995642243,-1.2477566680541214,0
-1.2510471254577942,0.22726589714920728,-0.8787505335930095,-0.38559031233357094,-1.7873849675708118,-1.1954982625866593,-1.1213992671665907,-1.2473043867556022,0.8715052270054681,0.8093250940903438,0.33731846816229333,1
-0.28731360878321605,-0.5009641238520293,0.03560986527323299,0.5975293190345091,1.014960197939356,0.24217944574190223,1.5757012566572175,-0.06291387188440786,-0.6128561560370701,0.1509492920376386,-0.9680375263688714,0
0.3752531839305569,0.5073543667650678,-0.47236813409690187,2.1541354020339694,2.2275133945543315,2.706769802876579,2.5228972739524833,1.054435670446903,-1.017681987775945,1.6871594968272845,-1.1545169541590388,0
-0.7089470223283442,-0.38892873600568506,-0.3707725342228748,-0.7132968561229313,-0.22453862526706456,1.2690920945480175,0.25925933431464443,-0.6215886430500632,0.3992084233101155,-0.06850930864659677,-0.035640387418039696,1
2.453303579260115,0.6473986015729981,1.1023636639505157,2.1541354020339694,0.7455039320249167,-0.57935067330299,-0.7360991923346181,2.4790563369192897,-2.6032498287532055,0.6630193603008536,0.6170376098475419,0
0.5559532183070397,0.003195121456519432,-0.16758133447482107,0.43367604713982905,-0.17064737208417666,1.2690920945480175,2.5228972739524833,0.6521898352076012,-0.6803271279935508,-0.5805793769098126,-0.8747978124737885,0
-0.046380229614571784,1.9918232557291276,-0.3707725342228748,-1.5325632155963311,0.2604826533789257,-0.8874244679448245,-0.4792324757799697,-1.1802634142157185,-1.3550368475583423,-1.3852609127520077,-0.4085992429983727,0
-0.16684691919889366,0.5073543667650678,0.391194464832327,0.7613825909291886,0.2604826533789257,1.2690920945480175,0.19504265517598235,0.16055603658182946,-0.005617408428759358,-0.214815042436087,0.33731846816229333,0
0.7366532526835236,0.1712482032260358,0.2895988649583003,0.10596950335046876,0.4221564129275893,1.9879309487122983,0.676667748715948,0.2722909908149481,-0.2080303242981983,0.5898664934061085,1.269715607113125,1
0.6764199078913626,-0.5569818177752014,-0.16758133447482107,0.7613825909291886,0.583830172476253,-0.16858561378054387,-0.029715721809335013,0.7192308077474848,-0.8152690719065091,0.5898664934061085,-0.4085992429983727,1
0.01385311517759022,-1.3972472266227822,1.0515658640135022,-0.38559031233357094,0.6377214256591409,-0.9901157328254361,-1.0892909275972598,-1.4707742952219016,-0.34297226821115656,-0.214815042436087,1.8291538904836235,1
0.3752531839305569,0.591380907649826,0.492790064706354,-1.0410033999122912,2.2275133945543315,-1.0928069977060477,0.5161260508692929,0.2164235136983888,-2.0972175390796113,2.5649938995642243,-1.0612772402639543,0
-0.4077802983675385,1.1795666938431326,-1.3867285329631442,-0.7132968561229313,1.014960197939356,-0.9901157328254361,-1.0892909275972598,-0.8394718038046695,0.33173745135363486,-0.43427364312032235,0.523797895952459,0
-0.28731360878321605,0.1712482032260358,-0.7771549337189826,-0.5494435842282511,0.04491764064737488,-0.8874244679448245,-0.5755574944879629,0.16055603658182946,0.3992084233101155,-1.0926494451730275,-0.9680375263688714,1
0.01385311517759022,0.5353632137266539,-0.3707725342228748,-1.368709943701651,-0.0628648657184009,1.166400829667406,2.3463014063211625,0.2722909908149481,-1.017681987775945,2.5649938995642243,-1.2477566680541214,0
-0.2270802639910546,0.22726589714920728,0.18800326508427323,-0.5494435842282511,-0.11675611890128879,-0.57935067330299,1.0619678235479206,0.0320608392137554,-0.14055935234171765,0.29725502582712804,-0.8747978124737885,1
-0.046380229614571784,-1.06114106308375,0.492790064706354,-0.7132968561229313,-1.3023636889248211,2.706769802876579,0.9014261257012655,-1.4707742952219016,-0.5453851840805926,1.1750894285640694,1.4561950349032906,1
-0.7691803671205052,0.3393012849955515,-1.3867285329631442,-1.0410033999122912,-1.5718199548392606,-1.2981895274672708,-1.2177242858745838,-0.3981187345838259,0.6690923111360321,-1.312108045857263,-0.12888010131312252,0
0.3752531839305569,1.2075755408047186,-0.47236813409690187,0.2698227752451489,-0.22453862526706456,-0.06589434889993236,0.06660929689865813,0.37843919733643566,-0.7477980999500284,-1.312108045857263,-0.6883183846836228,1
-1.8533805733794058,-1.06114106308375,-1.3867285329631442,-0.8771501280176109,-1.679602461205036,1.166400829667406,0.5482343904386239,-2.4819756310317245,2.4908085539609677,1.0287836947745792,2.8547907433295383,1
0.25478649434623396,-0.6129995116983735,0.8991724642024619,0.10596950335046876,-0.49399489118150397,1.6798571540704637,0.41980103216129966,-0.3031440234856626,0.12932453548419892,0.8824779609850889,1.4561950349032906,1
-1.3112804702499556,1.0395224590352024,-0.8787505335930095,0.43367604713982905,-1.5179287016563727,-0.2712768786611554,-0.6076658340572939,-1.7277646899581116,1.7486278624396954,-1.0926494451730275,1.3629553210082077,0
-1.3112804702499556,-0.7250348995447174,-0.5739637339709287,-0.8771501280176109,-0.6556686507301669,-0.47665940842237847,-0.671882513195956,-0.6774561201666226,0.7365632830925097,0.6630193603008536,-0.31535952910328985,1
0.4354865287227178,-0.27689334815934113,0.23880106502128676,0.7613825909291886,0.15270014701315066,0.5502532403837368,2.4426264250291556,0.9427007162137221,0.061853563527718286,-0.214815042436087,-0.9680375263688714,0
-0.16684691919889366,-0.4449464299288572,-0.21837913441183443,-0.2217370404388908,0.6916126788420288,0.03679691598067917,-0.5434491549186318,-0.2863837803507072,-0.6803271279935508,-1.1658023120677727,-0.22211981520820703,1
-0.8294137119126661,1.1795666938431326,-1.2343351331521037,-0.057883768544211386,-1.4640374484734848,-0.8874244679448245,-0.9608575693199355,-0.9120995240562462,0.9389761989619486,-0.1416621755413419,0.9899964654278748,1
0.13431980476191208,-0.38892873600568506,1.6103416633206502,-1.5325632155963311,2.2275133945543315,0.03679691598067917,-0.029715721809335013,0.17172953200515373,-1.8948046232101754,2.5649938995642243,-1.1545169541590388,0
-0.16684691919889366,0.22726589714920728,-0.21837913441183443,1.4167956785079092,-0.4401036379986161,0.1394881808612907,2.3463014063211625,0.020887343790431133,-0.34297226821115656,-0.5805793769098126,-1.0612772402639543,0
-0.347546953575377,0.22726589714920728,-0.31997473428586143,-1.368709943701651,-0.6556686507301669,-1.1954982625866593,-1.185615946305253,-1.191436909639043,-1.017681987775945,-0.8000379775940472,-0.5950786707885384,1
0.01385311517759022,0.6754074485345842,-0.8787505335930095,0.9252358628238687,0.4221564129275893,0.1394881808612907,-0.19025741965599027,0.7359910508824402,-0.14055935234171765,-0.7268851106993021,-0.8747978124737885,0
-0.5282469879518603,-0.1648579603129969,1.0007680640764887,-0.5494435842282511,0.2604826533789257,0.5502532403837368,0.8693177861319343,0.16055603658182946,0.33173745135363486,-0.5805793769098126,-1.2477566680541214,0
-0.046380229614571784,1.1795666938431326,-0.929548333530023,-0.5494435842282511,-0.7634511570959427,-1.0928069977060477,-1.1535076067359218,-1.4149068181053421,-0.2080303242981983,-0.5805793769098126,1.269715607113125,1
-0.28731360878321605,-0.1648579603129969,-0.5231659340339152,-1.2048566718069709,0.04491764064737488,0.5502532403837368,1.800459633642535,-0.3981187345838259,0.5341503672230739,-1.238955178962518,-0.8747978124737885,0
-1.2510471254577942,-0.7810525934678896,0.7975768643284348,-0.5494435842282511,-0.5478861443643919,-0.16858561378054387,-0.7039908527652871,-1.359039340988721,0.9389761989619486,1.6140066299325393,0.7102773237426246,1
-0.16684691919889366,-1.5653003083922985,0.7975768643284348,-1.0410033999122912,-0.7634511570959427,0.6529445052643483,0.13082597603732024,-1.1802634142157185,0.46667939526659313,-0.36112077622557726,1.3629553210082077,1
-0.10661357440673272,1.9077967148443695,-1.3867285329631442,1.5806489504025885,0.7993951852078045,1.0637095647867945,0.4840177112999618,1.976249042870256,1.9510407783091344,0.5167136265113633,-0.5950786707885384,0
2.2424868724875524,0.56337206068824,1.1531614638875292,-1.5325632155963311,-0.5478861443643919,-0.9901157328254361,-0.6397741736266249,0.6689500783425566,-1.6249207353842587,-0.36112077622557726,-0.035640387418039696,0
1.0378199766443292,-0.38892873600568506,0.8483746642654483,0.9252358628238687,-0.8712336634617185,-1.1954982625866593,-1.2177242858745838,0.015300596078737985,0.12932453548419892,-0.214815042436087,1.6426744626934564,1
0.3752531839305569,-0.27689334815934113,-0.16758133447482107,0.843309226876529,0.6916126788420288,1.9879309487122983,1.928892991919859,0.8309657619806035,-1.42250781951482,-0.8731908444887923,-1.1545169541590388,0
0.13431980476191208,-0.33291104208251326,-0.015187934663780522,-0.7132968561229313,-1.2484724357419332,0.24217944574190223,-0.2544740987946524,-0.8562320469396868,-1.017681987775945,1.467700896143049,0.6170376098475419,1
1.338986700605135,-0.1088402663898248,1.8643306630057177,0.10596950335046876,1.3921989702195705,-0.9901157328254361,-0.9929659088892665,0.32815846793150744,-1.4899787914713005,0.07779642514289346,1.269715607113125,1
-0.4077802983675385,-0.22087565423616903,-0.06598573460079403,-1.2048566718069709,2.2275133945543315,-0.57935067330299,1.3509428796719,0.0488210823487108,-1.3550368475583423,1.1019365616693244,-1.0612772402639543,0
1.519686734981619,-0.7250348995447174,0.6959812644544078,-0.2217370404388908,0.15270014701315066,-0.8874244679448245,-0.9287492297506044,0.9427007162137221,-1.5574497634277782,0.1509492920376386,-1.0612772402639543,1
0.9173532870600074,-0.1648579603129969,0.3403966648953138,-0.057883768544211386,0.6916126788420288,-0.57935067330299,-0.029715721809335013,1.0767826612934894,-0.4779142121241119,-0.36112077622557726,-0.6883183846836228,1
0.07408645996975116,0.7594339894193424,1.7119372631946772,-0.5494435842282511,1.66165523613401,-0.2712768786611554,1.5757012566572175,0.16055603658182946,-1.017681987775945,-0.8000379775940472,-1.2477566680541214,0
-0.8294137119126661,-0.22087565423616903,-0.4215703341598883,-1.0410033999122912,-0.11675611890128879,-0.2712768786611554,-0.6397741736266249,-0.6942163633016399,0.46667939526659313,-0.06850930864659677,-0.5950786707885384,1
-1.4317471598342775,0.11523050930286366,-0.8787505335930095,-0.2217370404388908,-1.032907423010382,2.398696008234744,0.16293431560665128,-0.8897525332095976,1.4112730026573013,0.8093250940903438,0.7102773237426246,1
-1.5522138494186,0.39531897891872364,-1.3867285329631442,-1.5325632155963311,-0.9790161698274943,-0.47665940842237847,-0.8966408901812734,-2.4819756310317245,0.9389761989619486,-0.6537322438045569,1.6426744626934564,1
0.6764199078913626,0.4793455198034818,0.03560986527323299,1.4167956785079092,0.3143739065618136,0.24217944574190223,0.8372094465626033,1.8924478271953549,-0.005617408428759358,-0.8731908444887923,-0.6883183846836228,0
0.3752531839305569,1.2355843877663046,-0.6755593338449556,0.2698227752451489,0.2604826533789257,-0.6820419381836015,-0.5113408153493008,0.853312752827252,0.1967955074406766,-0.06850930864659677,0.05759932647704314,0
0.4957198735148788,-1.2852118387764382,0.3403966648953138,-0.5494435842282511,-0.9251249166446064,-0.37396814354176694,-0.671882513195956,-0.8674055423629491,-0.34297226821115656,1.394548029248304,1.1764758932180406,1
2.423186906864036,-0.1648579603129969,1.1023636639505157,-0.2217370404388908,0.4221564129275893,-1.0928069977060477,-1.0250742484585975,1.9483153043119141,-0.8152690719065091,-1.5315666465414979,-0.7815580985787057,0
0.9775866318521684,-1.005123369160578,0.6959812644544078,-0.057883768544211386,0.09880889383026277,-0.47665940842237847,0.4840177112999618,0.8309657619806035,-0.6803271279935508,-1.0926494451730275,-0.8747978124737885,0
1.2185200110208132,-0.6690172056215457,0.7467790643914213,0.10596950335046876,2.2275133945543315,-0.9901157328254361,-1.0250742484585975,1.5013754873793774,-0.8152690719065091,-0.214815042436087,-0.8747978124737885,1
1.2787533558129742,-1.6213180023154707,1.1023636639505157,-0.8771501280176109,-0.3323211316328403,-0.9901157328254361,-0.8324242110426112,0.5516283763978068,-0.8827400438629868,2.5649938995642243,0.523797895952459,1
-0.6487136775361827,-0.8370702873910617,0.5435878646433675,0.7613825909291886,-0.7095599039130548,0.7556357701449599,-0.12604074051732816,-1.7612851762280224,0.1967955074406766,0.5167136265113633,2.2953524599590396,1
-1.0703470910813109,-0.05282257246665268,-0.8279527336559962,-0.8771501280176109,-0.4401036379986161,-0.2712768786611554,-0.2544740987946524,-0.6774561201666226,0.1967955074406766,-0.9463437113835373,-1.0612772402639543,0
-0.5884803327440218,0.7874428363809284,-1.2851329330891172,-0.2217370404388908,-0.49399489118150397,1.5771658891898521,1.4793762379492243,-0.5880681567801525,0.061853563527718286,0.2241021589323837,0.6170376098475419,1
0.13431980476191208,-1.957424165854503,1.2039592638245427,-0.959076763964951,-0.5478861443643919,2.706769802876579,1.3509428796719,-0.8227115606697141,0.12932453548419892,0.8093250940903438,1.269715607113125,1
-0.6487136775361827,0.5073543667650678,-1.0819417333410635,0.2698227752451489,-0.17064737208417666,0.1394881808612907,1.222509521394576,0.4175464313180396,1.3438020307008205,-0.8731908444887923,-0.6883183846836228,0
2.453303579260115,-1.2291941448532662,2.2707130625018253,-0.2217370404388908,-0.49399489118150397,-0.9901157328254361,-0.5434491549186318,1.1103031475634622,-2.6032498287532055,1.2482422954588137,-0.5950786707885384,1
-1.1908137806656334,2.523991347999262,-1.3359307330261307,-0.5494435842282511,-1.3023636889248211,-0.06589434889993236,-0.4150157966413076,-1.023834478289365,1.9510407783091344,-1.3852609127520077,0.7102773237426246,1
1.9413201485267466,0.3393012849955515,1.6103416633206502,0.43367604713982905,0.3143739065618136,-0.2712768786611554,0.09871763646798919,1.1661706246800214,-0.8827400438629868,0.004643558248148351,0.523797895952459,1
-1.1908137806656334,2.7200532767303653,-1.3867285329631442,-0.5494435842282511,0.09880889383026277,0.1394881808612907,-0.7039908527652871,-1.3087586115838545,1.8835698063526536,-0.7268851106993021,0.7102773237426246,0
-1.1908137806656334,-0.7810525934678896,-0.9803461334670364,-1.0410033999122912,-0.8173424102788306,-1.2981895274672708,-0.8324242110426112,-0.7333235972832439,0.1967955074406766,-0.5074265100150674,-0.9680375263688714,0
1.399220045397296,2.7200532767303653,0.7975768643284348,0.7613825909291886,-0.0628648657184009,0.5502532403837368,1.222509521394576,0.9985681933303435,-1.6923917073407364,-0.5805793769098126,-0.31535952910328985,0
0.6161865630992017,-0.9491056752374059,0.594385664580381,-1.368709943701651,-0.0628648657184009,2.6040785379959672,0.2913676738839755,-0.10760785357770496,1.073918142874907,0.5898664934061085,0.4305581820573761,1
-0.5884803327440218,0.9274870711888581,-1.3867285329631442,0.2698227752451489,-0.3323211316328403,-1.2981895274672708,-1.0571825880279286,0.7192308077474848,1.2088600867878652,-0.9463437113835373,-1.1545169541590388,0
0.3752531839305569,-1.005123369160578,0.6451834645173946,2.072208766086629,1.5538727297682342,-0.37396814354176694,-0.7039908527652871,-0.6830428678783157,-0.5453851840805926,0.37040789272187313,1.4561950349032906,1
-0.5282469879518603,-0.33291104208251326,0.9499702641394754,-0.2217370404388908,1.7694377424997858,-0.8874244679448245,-0.8324242110426112,-0.13554159213598463,0.061853563527718286,-0.1416621755413419,0.05759932647704314,0
0.19455314955407302,-0.33291104208251326,0.13720546514725973,1.089089134718549,-0.27842987844995243,1.4744746243092406,2.5228972739524833,0.4957608992812475,-0.07308838038524,-0.8731908444887923,-0.9680375263688714,0
-0.16684691919889366,-0.5569818177752014,0.4419922647693405,-0.057883768544211386,-0.3323211316328403,-0.57935067330299,0.06660929689865813,0.4957608992812475,0.1967955074406766,-1.3852609127520077,-0.9680375263688714,0
-0.9498804014969885,1.8517790209211973,-1.03114393340405,-0.5494435842282511,1.014960197939356,0.44756197550312526,0.3555843530226376,-0.40929223000715015,1.9510407783091344,0.6630193603008536,1.1764758932180406,1
1.9413201485267466,-0.6129995116983735,1.0515658640135022,0.43367604713982905,-0.22453862526706456,-0.784733203064213,-0.8324242110426112,1.0097416887536057,-1.4899787914713005,-0.8731908444887923,0.523797895952459,0
0.5559532183070397,2.1878851844602303,-0.16758133447482107,0.43367604713982905,0.3143739065618136,-0.37396814354176694,1.5114845775185555,1.7248453958456769,1.1413891148313846,-0.8000379775940472,-0.5950786707885384,0
-1.2510471254577942,0.6193897546114121,-0.929548333530023,0.2698227752451489,-0.008973612535513008,-0.06589434889993236,-0.6397741736266249,-0.7444970927065061,1.7486278624396954,-0.1416621755413419,1.4561950349032906,0
-1.130580435873472,1.9918232557291276,-1.3867285329631442,-0.057883768544211386,2.2275133945543315,-0.9901157328254361,-1.0892909275972598,-0.6718693724549915,1.6811568904832177,-1.0194965782782826,0.33731846816229333,0
-0.10661357440673272,1.627708245228509,-1.3867285329631442,2.1541354020339694,0.7455039320249167,-1.0928069977060477,-1.0250742484585975,1.02091518417693,0.33173745135363486,-0.8731908444887923,-0.7815580985787057,0
0.4354865287227178,0.2832835910723794,-0.11678353453780754,0.7613825909291886,-0.3323211316328403,-0.6820419381836015,1.864676312781197,0.601909105802673,-0.5453851840805926,-0.5805793769098126,-0.6883183846836228,0
-0.4077802983675385,2.075849796613886,-1.0819417333410635,0.2698227752451489,-0.11675611890128879,-1.0928069977060477,-1.1535076067359218,-0.007046394767848533,0.5341503672230739,-0.6537322438045569,-0.5950786707885384,0
0.9775866318521684,-1.1731764509300942,1.4579482635096102,-0.5494435842282511,-0.4401036379986161,-1.2981895274672708,-1.2177242858745838,-0.7668440835531547,-1.0851529597324256,0.5898664934061085,0.896756751532792,1
0.5559532183070397,-0.05282257246665268,3.388264661116121,1.7445022222972686,2.2275133945543315,1.6798571540704637,0.7408844278546102,1.6131104416125581,-2.6032498287532055,2.5649938995642243,-0.9680375263688714,0
-0.8294137119126661,0.56337206068824,-1.2851329330891172,-0.7132968561229313,-0.17064737208417666,0.24217944574190223,-0.5113408153493008,0.22759700912171307,0.6016213391795514,0.7361722271955987,-0.5950786707885384,0
0.4354865287227178,-0.33291104208251326,0.18800326508427323,0.5975293190345091,0.15270014701315066,0.8583270350255714,2.5228972739524833,0.9427007162137221,-0.005617408428759358,-0.2879679093308321,-0.9680375263688714,0
1.0378199766443292,-0.6690172056215457,0.8991724642024619,2.1541354020339694,-0.5478861443643919,-0.9901157328254361,-1.0250742484585975,0.17172953200515373,-0.6803271279935508,-1.1658023120677727,1.269715607113125,1
0.6764199078913626,-1.117158757006922,1.6103416633206502,0.7613825909291886,-0.11675611890128879,-0.6820419381836015,-0.5113408153493008,0.4957608992812475,-1.2875658756018615,-0.8000379775940472,1.4561950349032906,1
-0.046380229614571784,-1.3972472266227822,0.6451834645173946,0.10596950335046876,-1.5718199548392606,-1.1954982625866593,-1.1535076067359218,-1.7612851762280224,0.12932453548419892,0.37040789272187313,2.2021127460639565,1
-0.347546953575377,2.664035582807192,-0.6247615339079422,-0.38559031233357094,1.1227427043051312,-0.47665940842237847,-0.4471241362106387,-0.37577174373717737,-0.5453851840805926,-1.238955178962518,-0.4085992429983727,0
-1.4317471598342775,-1.9014064719313308,-0.31997473428586143,-1.0410033999122912,-1.9490587271194755,2.706769802876579,2.5228972739524833,-1.8450863919028615,0.061853563527718286,-1.5315666465414979,-0.8747978124737885,0
-0.347546953575377,-1.4532649205459542,2.0675218627537717,1.908355494191949,2.2275133945543315,-1.0928069977060477,-1.1535076067359218,0.2722909908149481,-0.4104432401676342,2.5649938995642243,-0.5018389568934555,1
-1.7931472285872447,-0.33291104208251326,-0.8279527336559962,-0.2217370404388908,-1.7873849675708118,0.03679691598067917,1.3830512192412312,-2.4819756310317245,1.5462149465702595,1.6871594968272845,2.8547907433295383,1
-0.28731360878321605,0.6193897546114121,-1.3867285329631442,-0.7132968561229313,-0.49399489118150397,1.166400829667406,0.2913676738839755,-0.2863837803507072,-0.005617408428759358,-0.1416621755413419,0.523797895952459,0
1.1582866662286513,-0.22087565423616903,1.8135328630687042,0.9252358628238687,-0.49399489118150397,-0.57935067330299,-0.6397741736266249,0.0488210823487108,-1.017681987775945,0.9556308278798341,1.9223936043787064,1
0.4354865287227178,0.5073543667650678,-1.1835373332150902,-0.7132968561229313,2.2275133945543315,1.166400829667406,1.4151595588105623,0.9427007162137221,-1.017681987775945,0.37040789272187313,-0.9680375263688714,0
-1.130580435873472,-0.33291104208251326,0.6451834645173946,0.10596950335046876,-0.5478861443643919,-0.784733203064213,-0.8645325506119423,-0.2305163032341479,1.6811568904832177,0.5898664934061085,0.15083904037212598,1
-0.28731360878321605,0.3393012849955515,0.2895988649583003,-0.5494435842282511,-0.3862123848157282,0.8583270350255714,2.3784097458904934,0.0488210823487108,-0.4104432401676342,-0.8000379775940472,-0.9680375263688714,0
-1.0101137462891498,1.7397436330748532,-1.2343351331521037,-0.057883768544211386,-1.1945811825590458,1.6798571540704637,0.06660929689865813,-0.8450585515163626,1.4112730026573013,-0.6537322438045569,1.7359141765885409,1
0.315019839138396,-1.117158757006922,0.6959812644544078,2.1541354020339694,-0.4401036379986161,-0.8874244679448245,-1.0571825880279286,-0.07408736730773213,-0.07308838038524,-0.214815042436087,1.5494347487983735,1
2.182253527695391,0.2832835910723794,1.5595438633836367,-0.7132968561229313,-0.5478861443643919,-1.0928069977060477,-0.8966408901812734,0.7192308077474848,-1.4899787914713005,-0.1416621755413419,-0.4085992429983727,1
-0.4077802983675385,-0.5569818177752014,0.18800326508427323,-0.38559031233357094,-0.6556686507301669,-0.2712768786611554,0.9014261257012655,-0.5098536888169446,-0.34297226821115656,-0.8000379775940472,-0.5018389568934555,1
0.6161865630992017,1.0395224590352024,-0.16758133447482107,-0.38559031233357094,-0.601777397547279,-1.0928069977060477,-0.8324242110426112,-0.06291387188440786,-1.2875658756018615,-0.43427364312032235,-0.5018389568934555,0
-0.347546953575377,-1.5092826144691265,-0.06598573460079403,-0.5494435842282511,-1.5718199548392606,0.34487071062251373,0.9977511444092586,-0.9009260286329219,-1.0851529597324256,1.0287836947745792,0.4305581820573761,1
1.9413201485267466,-1.005123369160578,1.1023636639505157,1.5806489504025885,-0.601777397547279,-0.57935067330299,-0.2865824383639834,2.0041827814284736,0.061853563527718286,1.90661809751152,0.523797895952459,1
-0.28731360878321605,-0.1648579603129969,0.13720546514725973,-0.7132968561229313,-0.3323211316328403,-0.784733203064213,-0.7682075319039492,-0.4539862117003852,-0.005617408428759358,-0.6537322438045569,-0.035640387418039696,1
0.07408645996975116,0.1712482032260358,-0.9803461334670364,-0.38559031233357094,1.2844164638537947,0.03679691598067917,-0.06182406137866606,-0.5098536888169446,-1.2200949036453839,-0.9463437113835373,0.523797895952459,0
1.1582866662286513,-0.5009641238520293,1.5595438633836367,2.1541354020339694,0.583830172476253,-0.47665940842237847,-0.7039908527652871,0.41195968360634644,-0.14055935234171765,2.49184103266948,1.4561950349032906,1
-0.8294137119126661,0.56337206068824,0.2895988649583003,2.1541354020339694,2.2275133945543315,2.706769802876579,2.2178680480438384,0.6466030874959701,-0.6128561560370701,-0.6537322438045569,-0.8747978124737885,0
-0.5884803327440218,-1.2572029918148522,0.594385664580381,-1.8602697593856912,-1.1945811825590458,-0.8874244679448245,-1.1213992671665907,-1.9009538690194208,-0.14055935234171765,-0.9463437113835373,0.9899964654278748,1
-0.5884803327440218,2.7200532767303653,-0.929548333530023,-1.0410033999122912,2.2275133945543315,-0.57935067330299,1.3830512192412312,-0.2863837803507072,-0.07308838038524,-0.5805793769098126,-1.3409963819492043,0
-0.4077802983675385,0.059212815379691544,-1.2851329330891172,-1.0410033999122912,0.20659140019603855,0.1394881808612907,-0.4792324757799697,-0.4595729594120163,0.3992084233101155,-1.0194965782782826,-0.035640387418039696,1
1.2787533558129742,-1.06114106308375,1.5595438633836367,2.1541354020339694,2.2275133945543315,-0.9901157328254361,-0.9608575693199355,0.16055603658182946,-0.8152690719065091,0.37040789272187313,0.8035170376377091,1
-0.4680136431596994,2.7200532767303653,-0.8787505335930095,1.252942406613229,0.2604826533789257,-1.0928069977060477,-1.0892909275972598,-0.5098536888169446,1.5462149465702595,-0.36112077622557726,0.7102773237426246,0
0.13431980476191208,0.7034162954961702,1.1023636639505157,2.1541354020339694,2.2005677679628883,1.8852396838316867,2.5228972739524833,2.395255121244389,-0.005617408428759358,2.5649938995642243,-1.0612772402639543,0
0.4957198735148788,1.4316463164974071,-1.3867285329631442,0.43367604713982905,0.6377214256591409,-0.47665940842237847,-0.5755574944879629,1.5013754873793774,0.33173745135363486,1.5408537630377943,-0.9680375263688714,1
-0.2270802639910546,1.3196109286510629,-1.3867285329631442,-0.5494435842282511,0.15270014701315066,-0.6820419381836015,-0.7682075319039492,-0.29197052806233836,0.12932453548419892,0.2241021589323837,0.4305581820573761,1
0.4354865287227178,-0.5569818177752014,0.3403966648953138,0.2698227752451489,-0.0628648657184009,1.0637095647867945,1.286726200533238,1.1103031475634622,0.46667939526659313,-0.214815042436087,-0.8747978124737885,1
-0.8294137119126661,0.7874428363809284,-1.0819417333410635,-0.38559031233357094,-0.0628648657184009,-0.784733203064213,-0.4150157966413076,0.9706344547720018,2.4908085539609677,0.4435607596166182,-0.7815580985787057,0
0.6161865630992017,-0.7250348995447174,1.1023636639505157,0.2698227752451489,0.20659140019603855,2.296004743354133,2.5228972739524833,0.6074958535143662,-0.6128561560370701,-0.7268851106993021,-0.9680375263688714,0
0.19455314955407302,0.56337206068824,-0.5231659340339152,0.9252358628238687,0.9610689447564682,0.5502532403837368,2.3463014063211625,0.7192308077474848,-1.4899787914713005,-0.9463437113835373,-1.0612772402639543,0
-0.8896470567048276,2.131867490537058,-1.0819417333410635,-0.5494435842282511,-1.1406899293761579,-1.1954982625866593,-1.1213992671665907,-0.4428127162770609,1.478743974613779,-0.06850930864659677,0.4305581820573761,0
0.8571199422678455,0.003195121456519432,1.6611394632576637,-0.5494435842282511,-2.272406246216802,-1.0928069977060477,-0.8645325506119423,-0.4819199502586649,-0.07308838038524,1.5408537630377943,1.8291538904836235,1
0.6764199078913626,-0.6690172056215457,1.0515658640135022,2.1541354020339694,-0.49399489118150397,-0.57935067330299,-0.8324242110426112,0.32815846793150744,0.1967955074406766,1.0287836947745792,1.6426744626934564,1
0.01385311517759022,0.39531897891872364,-0.7263571337819691,0.43367604713982905,0.20659140019603855,-0.9901157328254361,-0.7039908527652871,0.9427007162137221,-0.005617408428759358,-0.43427364312032235,-1.1545169541590388,1
-0.8294137119126661,-0.27689334815934113,-0.3707725342228748,-0.7132968561229313,0.04491764064737488,-0.6820419381836015,-0.7360991923346181,-0.4819199502586649,0.5341503672230739,-1.604719513436243,-1.2943765250016621,0
-1.130580435873472,0.56337206068824,-0.31997473428586143,-1.2048566718069709,-0.0628648657184009,-0.37396814354176694,-0.4471241362106387,0.09910181175363901,1.8160988343961761,0.07779642514289346,-0.5950786707885384,0
-0.7691803671205052,-0.5569818177752014,-1.2851329330891172,-0.7132968561229313,-0.0628648657184009,-0.06589434889993236,-0.5755574944879629,-1.0014874874427162,0.2642664793971572,1.1750894285640694,0.15083904037212598,1
-1.7931472285872447,1.0395224590352024,-0.4215703341598883,-1.368709943701651,2.2275133945543315,-0.8874244679448245,0.5161260508692929,-1.5434020154734163,2.085982722222093,-0.2879679093308321,0.523797895952459,0
1.519686734981619,-1.1731764509300942,0.8483746642654483,-1.2048566718069709,-0.9790161698274943,0.03679691598067917,-0.2865824383639834,0.9985681933303435,-0.6128561560370701,0.9556308278798341,-0.4085992429983727,1
-0.9498804014969885,1.2355843877663046,-0.7771549337189826,-0.5494435842282511,0.2604826533789257,-0.37396814354176694,1.0940761631172518,-0.5098536888169446,0.46667939526659313,-0.9463437113835373,-0.31535952910328985,0
-0.10661357440673272,1.9077967148443695,-1.3867285329631442,-0.2217370404388908,0.15270014701315066,-0.57935067330299,-0.4792324757799697,-0.0852608627310564,-0.4104432401676342,-1.0926494451730275,-0.5950786707885384,0
-0.7089470223283442,0.39531897891872364,-1.3867285329631442,-0.8771501280176109,-0.3862123848157282,0.03679691598067917,-0.38290745707197654,0.2722909908149481,1.073918142874907,0.37040789272187313,-0.5018389568934555,1
-0.7089470223283442,0.3393012849955515,-1.3867285329631442,-0.2217370404388908,-0.17064737208417666,1.0637095647867945,-0.06182406137866606,-0.8338850560930383,0.7365632830925097,0.2241021589323837,0.33731846816229333,1
0.25478649434623396,0.9554959181504441,-0.16758133447482107,0.2698227752451489,2.2275133945543315,-1.0928069977060477,-0.9929659088892665,1.3337730560296994,0.061853563527718286,-0.36112077622557726,-1.3409963819492043,1
-0.10661357440673272,0.1712482032260358,0.03560986527323299,-1.0410033999122912,2.2275133945543315,0.03679691598067917,0.3234760134533065,0.0488210823487108,-1.3550368475583423,2.5649938995642243,-1.0612772402639543,0
0.6161865630992017,0.4513366728418957,-0.06598573460079403,1.7445022222972686,0.4760476661104772,0.9610182999061829,1.3188345401025692,1.6969116572873972,-0.4779142121241119,-0.214815042436087,-0.6883183846836228,0
0.6161865630992017,-0.27689334815934113,0.08640766521024622,-0.38559031233357094,2.2275133945543315,-0.9901157328254361,-0.9608575693199355,0.0488210823487108,-0.6128561560370701,0.5167136265113633,0.7102773237426246,0
0.4354865287227178,0.7314251424577564,-0.5231659340339152,1.089089134718549,-0.22453862526706456,-1.0928069977060477,-1.0571825880279286,0.4957608992812475,-0.14055935234171765,-0.7268851106993021,-0.035640387418039696,0
0.01385311517759022,-1.06114106308375,0.6451834645173946,0.10596950335046876,-0.8712336634617185,0.8583270350255714,0.06660929689865813,-0.6551091293200361,0.1967955074406766,1.5408537630377943,0.523797895952459,1
0.6764199078913626,-0.7530437465063035,0.9499702641394754,2.1541354020339694,0.6916126788420288,-1.2981895274672708,-1.1535076067359218,-0.18023557382921968,-0.27550129625467595,-0.06850930864659677,1.6426744626934564,1
2.453303579260115,-0.7250348995447174,1.2039592638245427,-0.5494435842282511,-1.1945811825590458,-0.9901157328254361,-0.7039908527652871,1.5013754873793774,-1.8273336512536948,-0.36112077622557726,-1.0612772402639543,1
-1.491980504626439,-1.3412295326996104,-0.06598573460079403,-1.0410033999122912,-0.9790161698274943,-1.2981895274672708,-1.1213992671665907,-2.4819756310317245,0.5341503672230739,-0.8000379775940472,2.8547907433295383,1
1.2787533558129742,-1.3972472266227822,1.3563526636355832,0.5975293190345091,1.2844164638537947,-1.0928069977060477,-0.8645325506119423,1.1661706246800214,-0.4104432401676342,-0.1416621755413419,-0.8747978124737885,0
0.7366532526835236,0.11523050930286366,1.9659262628797447,-0.057883768544211386,2.2275133945543315,-0.37396814354176694,-0.2865824383639834,0.8309657619806035,-0.9502110158194674,0.1509492920376386,-0.7815580985787057,0
-0.5282469879518603,-0.7810525934678896,1.0515658640135022,-0.5494435842282511,0.04491764064737488,-0.16858561378054387,0.676667748715948,0.2722909908149481,0.1967955074406766,-0.7268851106993021,-1.1545169541590388,0
0.4354865287227178,-0.38892873600568506,0.18800326508427323,0.7613825909291886,0.6377214256591409,0.34487071062251373,1.6720262753652106,0.8030320234223238,0.061853563527718286,-0.1416621755413419,-0.8747978124737885,1
0.4957198735148788,1.3196109286510629,-1.1835373332150902,-1.2048566718069709,-0.17064737208417666,-1.1954982625866593,-1.0250742484585975,0.7192308077474848,-0.14055935234171765,-0.8000379775940472,-0.6883183846836228,0
0.7366532526835236,-0.7810525934678896,0.6959812644544078,2.1541354020339694,-0.6556686507301669,0.24217944574190223,-0.2223657592253213,1.0488489227352096,-0.14055935234171765,1.1750894285640694,0.4305581820573761,1
0.07408645996975116,-0.8930879813142338,0.7975768643284348,-0.057883768544211386,-0.9790161698274943,-0.37396814354176694,-0.8645325506119423,-0.6774561201666226,-0.9502110158194674,1.1750894285640694,0.7102773237426246,1
2.453303579260115,-1.3972472266227822,1.3563526636355832,-0.057883768544211386,0.04491764064737488,-0.37396814354176694,-0.5434491549186318,1.6689779187291176,-1.3550368475583423,2.5649938995642243,-0.5950786707885384,1
-0.7691803671205052,0.8994782242272721,-1.03114393340405,0.2698227752451489,0.5299389192933651,-0.06589434889993236,-0.8003158714732802,-0.5545476705101796,0.46667939526659313,-0.36112077622557726,0.8035170376377091,1
0.25478649434623396,-1.3412295326996104,1.2547570637615562,-1.2048566718069709,1.715546489316898,-0.37396814354176694,-0.2865824383639834,0.10468855946527013,-0.4104432401676342,-0.5074265100150674,-0.8747978124737885,0
0.4354865287227178,-0.7250348995447174,0.7975768643284348,0.10596950335046876,-0.7095599039130548,1.371783359428629,0.002392617759996037,-1.3478658455654586,-0.7477980999500284,-0.36112077622557726,1.6426744626934564,1
0.315019839138396,-0.38892873600568506,0.8991724642024619,0.43367604713982905,-0.8712336634617185,-0.8874244679448245,-0.8966408901812734,-1.1243959370991592,0.061853563527718286,1.0287836947745792,2.8547907433295383,1
-1.0101137462891498,1.9638144087675415,-1.1835373332150902,-0.2217370404388908,-0.8173424102788306,-0.37396814354176694,-0.8324242110426112,-0.19699581696417506,1.478743974613779,-0.6537322438045569,-0.5018389568934555,0
-0.5282469879518603,-0.8930879813142338,0.7975768643284348,0.43367604713982905,0.04491764064737488,0.24217944574190223,1.1582928422559138,0.20525001827506453,0.12932453548419892,0.2241021589323837,-0.6883183846836228,1
2.453303579260115,-0.8370702873910617,1.4071504635725967,0.5975293190345091,-0.008973612535513008,-1.0928069977060477,-0.9608575693199355,2.1717852127781514,-2.2321594829925697,-0.8000379775940472,-0.9680375263688714,0
-0.8896470567048276,-0.22087565423616903,-0.26917693434884793,-0.057883768544211386,-0.5478861443643919,-0.2712768786611554,-0.7039908527652871,-1.3031718638721614,0.6690923111360321,1.321395162353559,0.8035170376377091,1
-0.8896470567048276,0.5073543667650678,-0.9803461334670364,-0.7132968561229313,-0.7095599039130548,1.2690920945480175,-0.2544740987946524,-0.11319460128933607,0.7365632830925097,1.2482422954588137,-0.8747978124737885,1
-0.6487136775361827,-0.8370702873910617,0.13720546514725973,-0.8771501280176109,-0.4401036379986161,1.5771658891898521,0.7729927674239412,0.07675482090699047,0.7365632830925097,-0.43427364312032235,-0.8747978124737885,1
-0.7691803671205052,0.2832835910723794,-0.7771549337189826,-0.7132968561229313,0.5299389192933651,1.8852396838316867,2.506843104167818,-0.6215886430500632,0.8715052270054681,-1.238955178962518,0.05759932647704314,0
0.7366532526835236,-0.8930879813142338,1.2547570637615562,-0.5494435842282511,0.04491764064737488,-0.9901157328254361,-0.6397741736266249,0.7192308077474848,-0.8827400438629868,-1.0194965782782826,-0.8747978124737885,0
0.3752531839305569,-0.5569818177752014,0.8991724642024619,-0.7132968561229313,-1.5718199548392606,-0.9901157328254361,-0.9608575693199355,-1.0685284599826,0.2642664793971572,0.37040789272187313,1.9223936043787064,1
0.01385311517759022,0.39531897891872364,-0.11678353453780754,-0.2217370404388908,1.9850027552313365,-0.6820419381836015,-0.2544740987946524,-0.30873077119729375,-1.0851529597324256,-0.8731908444887923,-0.5950786707885384,0
-1.6124471942107614,-0.1648579603129969,-0.929548333530023,-0.057883768544211386,-1.7334937143879239,0.1394881808612907,1.7041346149345418,-1.6830707082648146,2.1534536941785705,-0.1416621755413419,2.3885921738541223,0
0.6764199078913626,-1.06114106308375,0.492790064706354,-0.2217370404388908,-0.3323211316328403,-1.0928069977060477,-1.0571825880279286,0.7192308077474848,-0.6128561560370701,-0.214815042436087,-1.1545169541590388,0
-0.8896470567048276,0.8434605303041005,-0.31997473428586143,-0.38559031233357094,-0.601777397547279,-0.6820419381836015,-0.7360991923346181,-0.6998031110132711,0.46667939526659313,-0.36112077622557726,-0.12888010131312252,0
0.4354865287227178,1.5156728573821654,-0.7771549337189826,0.10596950335046876,0.09880889383026277,-0.784733203064213,-0.5755574944879629,0.9203537253671357,0.12932453548419892,0.004643558248148351,-0.035640387418039696,1
0.25478649434623396,1.7397436330748532,-1.3867285329631442,-1.5325632155963311,-0.8712336634617185,0.8583270350255714,-0.4150157966413076,-0.7333235972832439,-0.27550129625467595,-0.7268851106993021,-0.6883183846836228,0
-0.5282469879518603,-1.5653003083922985,0.08640766521024622,-0.2217370404388908,-1.4640374484734848,0.34487071062251373,0.09871763646798919,-0.029393385614497076,0.6016213391795514,0.8093250940903438,0.4305581820573761,1
-0.4077802983675385,0.8714693772656866,-0.21837913441183443,-0.057883768544211386,1.607763982951122,0.44756197550312526,1.222509521394576,-0.17464882611758856,-0.6803271279935508,-0.2879679093308321,-1.0612772402639543,0
-1.973847262963728,-0.7250348995447174,1.1531614638875292,2.1541354020339694,-1.8951674739365876,1.371783359428629,1.0940761631172518,-2.4819756310317245,1.2088600867878652,0.07779642514289346,2.8547907433295383,1
-0.5884803327440218,1.1515578468815466,-1.3867285329631442,-0.2217370404388908,-0.0628648657184009,0.24217944574190223,-0.5755574944879629,0.5236946378395272,0.6690923111360321,-0.36112077622557726,-0.9680375263688714,0
-0.7089470223283442,1.7397436330748532,-1.2851329330891172,2.1541354020339694,0.7993951852078045,-1.0928069977060477,-1.0571825880279286,0.16055603658182946,0.6690923111360321,-0.5805793769098126,0.523797895952459,0
-0.4077802983675385,1.0395224590352024,-1.3867285329631442,-0.38559031233357094,-0.7095599039130548,1.4744746243092406,-0.35079911750264553,-0.7724308312647858,1.1413891148313846,0.004643558248148351,0.896756751532792,1
1.0378199766443292,0.2832835910723794,-0.26917693434884793,-0.7132968561229313,-0.0628648657184009,-0.6820419381836015,-0.4471241362106387,0.3840259450480668,-1.2200949036453839,-0.7268851106993021,-0.8747978124737885,0
-0.28731360878321605,0.11523050930286366,0.391194464832327,-0.2217370404388908,-0.3862123848157282,0.5502532403837368,0.644559409146617,0.3840259450480668,-0.4104432401676342,-0.6537322438045569,-1.1545169541590388,0
-0.7089470223283442,1.0675313059967884,-1.3867285329631442,-0.8771501280176109,2.2275133945543315,-0.9901157328254361,-1.0250742484585975,-0.2472765463691033,0.9389761989619486,-0.5074265100150674,-0.5950786707885384,0
-0.16684691919889366,1.683725939151681,-0.015187934663780522,-0.5494435842282511,-0.0628648657184009,-0.47665940842237847,0.5482343904386239,-0.10760785357770496,-0.14055935234171765,-1.238955178962518,-0.5950786707885384,0
-0.5282469879518603,0.003195121456519432,-0.7771549337189826,-0.7132968561229313,2.2275133945543315,-1.1954982625866593,-1.0892909275972598,0.17172953200515373,-0.34297226821115656,1.5408537630377943,-1.1545169541590388,0
0.25478649434623396,1.3196109286510629,-0.26917693434884793,-0.057883768544211386,-0.9251249166446064,-0.6820419381836015,-0.12604074051732816,-0.2305163032341479,-1.42250781951482,-0.7268851106993021,-0.9680375263688714,0
-1.8533805733794058,-0.22087565423616903,-0.06598573460079403,-0.057883768544211386,0.4760476661104772,0.7556357701449599,0.9014261257012655,-0.7891910743998032,2.524544039939203,-0.214815042436087,1.6426744626934564,1
-0.16684691919889366,-0.1648579603129969,0.594385664580381,0.43367604713982905,0.04491764064737488,-0.37396814354176694,0.002392617759996037,0.9985681933303435,0.8040342550489904,-0.214815042436087,0.24407875426720882,1
-1.0101137462891498,0.9835047651120302,-1.03114393340405,-1.2048566718069709,-0.27842987844995243,-0.9901157328254361,-0.9929659088892665,-0.2863837803507072,0.8715052270054681,-0.5074265100150674,0.24407875426720882,0
-0.7691803671205052,0.11523050930286366,-0.7263571337819691,-0.2217370404388908,-0.3323211316328403,-0.06589434889993236,-0.35079911750264553,-0.4539862117003852,0.33173745135363486,-0.43427364312032235,-0.6883183846836228,1
-0.5884803327440218,0.11523050930286366,-1.2343351331521037,-1.2048566718069709,-0.49399489118150397,0.1394881808612907,-0.12604074051732816,-0.6215886430500632,0.3992084233101155,-1.238955178962518,-1.3409963819492043,0
-0.4680136431596994,0.8714693772656866,-1.03114393340405,0.2698227752451489,-1.2484724357419332,-1.0928069977060477,-1.185615946305253,-0.2193428078108236,0.46667939526659313,-0.7268851106993021,0.4305581820573761,0
0.07408645996975116,-1.3412295326996104,0.6451834645173946,-1.0410033999122912,-0.7634511570959427,-0.784733203064213,-0.8324242110426112,-0.38135849144887046,0.5341503672230739,-0.36112077622557726,0.05759932647704314,0
-0.046380229614571784,-1.5092826144691265,0.3403966648953138,0.2698227752451489,-0.4401036379986161,0.03679691598067917,0.034500957329327085,-0.4316392208537367,0.6016213391795514,0.9556308278798341,0.8035170376377091,1
-0.347546953575377,0.7594339894193424,-1.3867285329631442,0.10596950335046876,0.4760476661104772,-0.784733203064213,-0.8645325506119423,0.3840259450480668,-0.27550129625467595,0.5898664934061085,-1.0612772402639543,0
1.2787533558129742,0.4513366728418957,1.1023636639505157,-0.38559031233357094,2.2275133945543315,-1.0928069977060477,-0.9608575693199355,1.5013754873793774,-1.017681987775945,-0.1416621755413419,-1.900434665319703,0
-0.5282469879518603,0.56337206068824,-1.03114393340405,0.10596950335046876,0.4760476661104772,-0.47665940842237847,-0.2865824383639834,0.6633633306309255,0.8040342550489904,0.8093250940903438,-0.6883183846836228,1
0.4957198735148788,0.6193897546114121,-0.21837913441183443,1.252942406613229,0.7455039320249167,-0.2712768786611554,-0.2544740987946524,1.7248453958456769,-0.2080303242981983,-0.43427364312032235,-0.6883183846836228,0
0.01385311517759022,0.4513366728418957,0.13720546514725973,-0.38559031233357094,0.15270014701315066,-0.47665940842237847,0.13082597603732024,0.2722909908149481,0.6016213391795514,-0.2879679093308321,-0.22211981520820703,1
-0.8294137119126661,-0.6690172056215457,0.18800326508427323,-0.5494435842282511,-0.11675611890128879,0.5502532403837368,0.16293431560665128,-0.018219890191172806,1.073918142874907,-0.7268851106993021,-0.8747978124737885,1
-0.7089470223283442,-0.05282257246665268,-1.2343351331521037,0.43367604713982905,-0.27842987844995243,0.5502532403837368,1.4793762379492243,0.41195968360634644,1.2763310587443428,-0.36112077622557726,-0.5950786707885384,0
2.453303579260115,0.39531897891872364,1.1023636639505157,0.7613825909291886,-0.3323211316328403,-1.0928069977060477,-0.8645325506119423,1.5013754873793774,-1.1526239316889033,-0.5805793769098126,0.896756751532792,0
-0.28731360878321605,0.39531897891872364,-0.06598573460079403,-0.5494435842282511,-0.0628648657184009,1.5771658891898521,2.5228972739524833,-0.275210284927383,-0.6803271279935508,-0.9463437113835373,-0.5018389568934555,0
2.2424868724875524,-0.8930879813142338,2.4739042622498792,2.1541354020339694,-0.8173424102788306,-0.8874244679448245,-0.2544740987946524,2.060050258545033,-0.6128561560370701,-0.36112077622557726,2.3885921738541223,1
0.01385311517759022,-1.117158757006922,0.7467790643914213,-0.057883768544211386,-0.601777397547279,-0.6820419381836015,-0.8324242110426112,-1.3702128364120452,0.46667939526659313,0.8824779609850889,2.108873032168872,1
-0.8294137119126661,0.2832835910723794,-1.3359307330261307,-0.7132968561229313,-0.0628648657184009,2.501387273115356,0.25925933431464443,0.0655813254836662,0.6016213391795514,0.5898664934061085,-0.6883183846836228,0
-0.347546953575377,2.2719117253449883,0.7975768643284348,-0.2217370404388908,1.7694377424997858,0.6529445052643483,2.185759708474507,0.16055603658182946,-0.4104432401676342,0.5898664934061085,-1.1545169541590388,0
0.315019839138396,0.6193897546114121,-0.5231659340339152,0.9252358628238687,0.15270014701315066,0.9610182999061829,2.5228972739524833,0.8197922665572792,-0.5453851840805926,-0.8000379775940472,-0.7815580985787057,0
-0.5884803327440218,1.711734786113267,-1.2343351331521037,-0.38559031233357094,0.583830172476253,-0.57935067330299,-0.8645325506119423,-0.06291387188440786,0.5341503672230739,-1.312108045857263,-0.7815580985787057,0
-0.7691803671205052,0.8994782242272721,-0.9803461334670364,-0.8771501280176109,0.8532864383906924,0.6529445052643483,1.3830512192412312,-0.4539862117003852,0.1967955074406766,-0.8000379775940472,-1.1545169541590388,1
1.6401534245659408,-1.2852118387764382,1.5595438633836367,-0.38559031233357094,-1.4640374484734848,-0.8874244679448245,-0.8645325506119423,0.7192308077474848,-0.005617408428759358,1.6871594968272845,0.05759932647704314,1
-0.2270802639910546,-1.957424165854503,0.6451834645173946,-0.8771501280176109,-1.032907423010382,-0.8874244679448245,-0.8324242110426112,-1.4596007997985772,-0.2080303242981983,0.37040789272187313,0.6170376098475419,0
0.315019839138396,-0.27689334815934113,0.6959812644544078,1.5806489504025885,0.583830172476253,1.0637095647867945,0.19504265517598235,0.8309657619806035,-0.005617408428759358,-0.8731908444887923,0.05759932647704314,1
-1.0101137462891498,2.411955960152918,-1.3867285329631442,-0.8771501280176109,0.04491764064737488,-1.0928069977060477,-0.9608575693199355,-1.738938185381374,1.2763310587443428,-1.5315666465414979,1.3629553210082077,1
2.182253527695391,-0.7250348995447174,1.9151284629427312,-0.3036636763862312,-0.7095599039130548,-0.8874244679448245,-0.6076658340572939,1.1661706246800214,-1.6923917073407364,0.2241021589323837,0.8035170376377091,1
1.2787533558129742,-0.8370702873910617,0.9499702641394754,-0.38559031233357094,1.2305252106709068,-0.9901157328254361,-1.1535076067359218,-0.04056688103782135,-1.2875658756018615,0.004643558248148351,1.269715607113125,1
-0.28731360878321605,1.5996993982669228,-1.3359307330261307,0.43367604713982905,-0.3862123848157282,2.706769802876579,1.4151595588105623,-0.28079703263901407,0.46667939526659313,-0.214815042436087,0.33731846816229333,0
-0.6487136775361827,-0.1648579603129969,-0.47236813409690187,-0.38559031233357094,-0.5478861443643919,-0.37396814354176694,-0.4792324757799697,0.5013476469928786,1.4112730026573013,0.5167136265113633,-0.7815580985787057,1
1.1582866662286513,0.7874428363809284,0.594385664580381,-0.7132968561229313,-1.4640374484734848,-0.9901157328254361,-0.9287492297506044,0.4957608992812475,-0.9502110158194674,-1.312108045857263,-0.4085992429983727,0
0.5559532183070397,0.56337206068824,-0.31997473428586143,0.5975293190345091,0.8532864383906924,1.371783359428629,0.612451069577286,1.1661706246800214,-0.2080303242981983,-0.5074265100150674,-0.7815580985787057,0
1.4594533901894569,-0.7250348995447174,1.0515658640135022,-0.38559031233357094,2.2275133945543315,-0.06589434889993236,0.09871763646798919,0.7192308077474848,-1.8948046232101754,1.1750894285640694,-0.6883183846836228,1
-0.7089470223283442,0.1712482032260358,-0.6755593338449556,-1.2048566718069709,-0.17064737208417666,-0.8874244679448245,-0.8966408901812734,-0.4428127162770609,-0.27550129625467595,-0.214815042436087,-1.0612772402639543,0
-0.5282469879518603,-0.9491056752374059,0.08640766521024622,0.43367604713982905,0.3143739065618136,1.0637095647867945,0.8372094465626033,-0.1467150875593089,0.5341503672230739,0.2241021589323837,0.523797895952459,0
0.4957198735148788,-0.9491056752374059,0.594385664580381,-0.8771501280176109,-1.1406899293761579,0.5502532403837368,0.2913676738839755,-0.9847272443077609,-0.8827400438629868,1.2482422954588137,0.523797895952459,1
0.3752531839305569,-1.3412295326996104,0.391194464832327,-0.7132968561229313,-0.7634511570959427,0.9610182999061829,0.3555843530226376,0.16055603658182946,-0.8827400438629868,2.5649938995642243,-0.12888010131312252,1
-0.8294137119126661,0.059212815379691544,0.13720546514725973,-0.2217370404388908,0.3682651597447015,-0.6820419381836015,1.896784652350528,0.3002247293732278,-0.4104432401676342,2.5649938995642243,0.05759932647704314,1
1.4594533901894569,-0.7250348995447174,0.492790064706354,-0.7132968561229313,-0.008973612535513008,0.1394881808612907,-0.5434491549186318,0.015300596078737985,-1.2875658756018615,0.004643558248148351,0.7102773237426246,1
-0.6487136775361827,0.42332782588030965,-1.2851329330891172,-0.7132968561229313,0.7993951852078045,-0.57935067330299,-0.4792324757799697,-0.9567935057494812,1.0064471709184264,-0.8731908444887923,1.269715607113125,1
-0.5884803327440218,0.8994782242272721,0.23880106502128676,-0.2217370404388908,-0.6556686507301669,1.9879309487122983,1.864676312781197,-0.2193428078108236,0.12932453548419892,-1.0194965782782826,-0.8747978124737885,0
-0.4077802983675385,0.6473986015729981,-1.2343351331521037,-0.7132968561229313,0.2604826533789257,-0.16858561378054387,0.3555843530226376,0.10468855946527013,0.3992084233101155,-1.3852609127520077,-0.12888010131312252,0
-0.6487136775361827,-0.7810525934678896,0.8483746642654483,0.43367604713982905,-0.8173424102788306,0.6529445052643483,0.06660929689865813,-0.9903139920193921,-0.07308838038524,1.394548029248304,0.9899964654278748,1
-1.3112804702499556,0.6193897546114121,-1.2851329330891172,0.10596950335046876,-0.6556686507301669,1.0637095647867945,0.002392617759996037,-1.7501116808046981,1.073918142874907,-1.458413779646753,0.523797895952459,0
-1.3112804702499556,0.003195121456519432,-0.9803461334670364,-0.7132968561229313,-0.22453862526706456,0.8583270350255714,-0.029715721809335013,-0.8003645698230655,1.9510407783091344,0.2241021589323837,-0.12888010131312252,1
-0.6487136775361827,-1.117158757006922,0.2895988649583003,-1.0410033999122912,-1.08679867619327,-1.2981895274672708,-1.0571825880279286,-0.3981187345838259,-0.5453851840805926,2.5649938995642243,-0.4085992429983727,1
-0.7089470223283442,1.9358055618059555,-1.132739533278077,2.1541354020339694,0.04491764064737488,-1.2981895274672708,-1.0250742484585975,0.7639247894407198,0.6016213391795514,-0.9463437113835373,-0.22211981520820703,0
-0.6487136775361827,0.003195121456519432,-0.7263571337819691,-0.5494435842282511,-1.2484724357419332,0.24217944574190223,-0.7682075319039492,-0.5489609227985485,-0.6803271279935508,0.2241021589323837,-0.5018389568934555,1
0.9775866318521684,1.1795666938431326,-0.4215703341598883,2.1541354020339694,1.607763982951122,1.7825484189510752,0.9656428048399275,1.1549971292566972,-1.1526239316889033,-0.7268851106993021,-0.9680375263688714,0
0.4354865287227178,-0.9491056752374059,1.2547570637615562,-0.38559031233357094,1.607763982951122,-1.0928069977060477,-1.1535076067359218,-0.5768946613568281,-0.005617408428759358,-0.214815042436087,0.8035170376377091,1
0.19455314955407302,1.5156728573821654,-0.8279527336559962,-0.057883768544211386,0.15270014701315066,-0.37396814354176694,-0.4792324757799697,0.6633633306309255,0.6016213391795514,-1.238955178962518,-0.5018389568934555,0
-0.5884803327440218,1.1795666938431326,-0.9803461334670364,-1.0410033999122912,0.6916126788420288,-0.57935067330299,-0.029715721809335013,-0.5322006796635931,-0.4779142121241119,-1.0926494451730275,-0.5950786707885384,0
-1.0101137462891498,1.8237701739596113,-1.2851329330891172,0.10596950335046876,-1.032907423010382,-0.06589434889993236,-0.7360991923346181,-0.2472765463691033,1.5462149465702595,-0.36112077622557726,0.523797895952459,1
-0.6487136775361827,1.1235489999199606,-1.2851329330891172,0.2698227752451489,-0.27842987844995243,0.03679691598067917,-0.12604074051732816,0.2722909908149481,0.8715052270054681,-0.9463437113835373,-1.0612772402639543,0
0.4957198735148788,-0.33291104208251326,1.1023636639505157,0.43367604713982905,0.6916126788420288,2.296004743354133,1.928892991919859,0.8309657619806035,-1.5574497634277782,-0.43427364312032235,-1.2477566680541214,0
-0.10661357440673272,0.003195121456519432,-0.26917693434884793,-0.2217370404388908,-0.17064737208417666,1.7825484189510752,1.3830512192412312,0.03764758692538653,-0.34297226821115656,-1.3852609127520077,-0.7815580985787057,1
-0.7691803671205052,-0.9491056752374059,-0.31997473428586143,0.10596950335046876,0.2604826533789257,0.8583270350255714,0.7408844278546102,-0.6439356338967117,0.6016213391795514,-0.8731908444887923,-0.31535952910328985,1
-0.347546953575377,0.1712482032260358,-0.9803461334670364,0.2698227752451489,1.7694377424997858,-0.16858561378054387,0.002392617759996037,0.2164235136983888,-0.4779142121241119,0.07779642514289346,-0.7815580985787057,1
-0.5282469879518603,0.591380907649826,-0.8787505335930095,0.10596950335046876,-0.0628648657184009,0.03679691598067917,-0.4150157966413076,0.3616789542014803,1.8160988343961761,0.29725502582712804,0.33731846816229333,1
0.315019839138396,-1.6213180023154707,1.3563526636355832,0.2698227752451489,0.09880889383026277,0.9610182999061829,0.3555843530226376,0.8868332390971628,0.5341503672230739,-0.8000379775940472,-1.1545169541590388,0
-0.2270802639910546,1.0675313059967884,-1.3359307330261307,-0.7132968561229313,-0.27842987844995243,-0.8874244679448245,-0.4471241362106387,-0.018219890191172806,0.5341503672230739,-0.8000379775940472,-0.7815580985787057,0
-0.7691803671205052,-0.1648579603129969,-0.6755593338449556,-0.8771501280176109,-0.17064737208417666,-0.57935067330299,-0.7360991923346181,-0.19699581696417506,1.478743974613779,-0.2879679093308321,-0.035640387418039696,0
-0.8896470567048276,0.6754074485345842,-1.2851329330891172,-0.38559031233357094,-0.17064737208417666,-0.784733203064213,-0.9929659088892665,-0.9679670011728055,0.2642664793971572,-0.214815042436087,-0.035640387418039696,1
0.7968865974756845,-0.1648579603129969,0.4419922647693405,0.7613825909291886,1.8772202488655616,1.0637095647867945,0.2913676738839755,0.2834644862382724,-0.8827400438629868,0.2241021589323837,0.4305581820573761,0
-1.0101137462891498,0.6193897546114121,0.18800326508427323,2.1541354020339694,0.09880889383026277,-0.8874244679448245,0.09871763646798919,0.2611174953916239,0.2642664793971572,0.2241021589323837,-0.12888010131312252,0
-0.7089470223283442,-1.4532649205459542,1.6611394632576637,-0.38559031233357094,-0.3862123848157282,0.1394881808612907,-0.671882513195956,0.7974452757106927,0.46667939526659313,0.5167136265113633,0.15083904037212598,1
-0.28731360878321605,-0.6690172056215457,2.0675218627537717,-1.0410033999122912,2.2275133945543315,0.24217944574190223,0.7408844278546102,0.32815846793150744,-1.5574497634277782,2.5649938995642243,-1.0612772402639543,0
-0.5282469879518603,-0.22087565423616903,-0.4215703341598883,1.089089134718549,-0.22453862526706456,0.03679691598067917,-0.2865824383639834,-0.06291387188440786,0.3992084233101155,-1.0194965782782826,0.05759932647704314,0
0.5559532183070397,-0.5569818177752014,1.2547570637615562,-0.057883768544211386,0.09880889383026277,-0.16858561378054387,-0.7360991923346181,0.4957608992812475,0.2642664793971572,-0.2879679093308321,0.8035170376377091,1
0.4957198735148788,-0.7250348995447174,1.1531614638875292,-0.8771501280176109,-0.5478861443643919,-0.8874244679448245,-0.9608575693199355,-1.1690899187924564,-0.6803271279935508,0.29725502582712804,1.9223936043787064,1
-0.8896470567048276,0.3393012849955515,-1.0819417333410635,2.1541354020339694,-1.1406899293761579,-0.47665940842237847,-0.8966408901812734,-0.2863837803507072,0.6690923111360321,-0.43427364312032235,0.33731846816229333,1
0.4957198735148788,0.7314251424577564,-0.6247615339079422,1.4167956785079092,0.8532864383906924,-0.6820419381836015,0.41980103216129966,1.7024984049990284,-0.2080303242981983,-0.8000379775940472,-0.7815580985787057,0
-0.6487136775361827,-0.22087565423616903,-0.47236813409690187,0.5975293190345091,-0.6556686507301669,-0.2712768786611554,-0.38290745707197654,-0.007046394767848533,-0.14055935234171765,-1.238955178962518,-1.1545169541590388,1
-0.8896470567048276,0.7874428363809284,-1.2851329330891172,-0.8771501280176109,-1.679602461205036,-1.0928069977060477,-1.1213992671665907,-0.2863837803507072,1.1413891148313846,-0.9463437113835373,-0.8747978124737885,0
-0.7089470223283442,0.8434605303041005,-1.03114393340405,-0.7132968561229313,-0.3323211316328403,0.03679691598067917,0.16293431560665128,0.07675482090699047,0.46667939526659313,-0.9463437113835373,-0.8747978124737885,0
2.2424868724875524,-0.4449464299288572,1.4071504635725967,-0.5494435842282511,-0.4401036379986161,0.9610182999061829,0.09871763646798919,1.6689779187291176,-1.42250781951482,0.8093250940903438,-0.12888010131312252,1
-0.4077802983675385,1.4036374695358211,-1.3867285329631442,-1.0410033999122912,-0.27842987844995243,1.7825484189510752,-0.029715721809335013,-0.3310777620439423,-0.005617408428759358,-0.214815042436087,0.24407875426720882,1
0.9775866318521684,-0.22087565423616903,1.5595438633836367,1.908355494191949,0.6916126788420288,-0.6820419381836015,-0.09393240094799711,2.060050258545033,-0.14055935234171765,-0.5074265100150674,-1.3409963819492043,0
2.453303579260115,-1.005123369160578,1.1023636639505157,2.1541354020339694,-0.8173424102788306,-1.0928069977060477,-0.35079911750264553,2.4790563369192897,-0.7477980999500284,0.07779642514289346,1.4561950349032906,1
2.362953562071874,-0.4449464299288572,1.1023636639505157,-1.5325632155963311,-0.3323211316328403,-1.2981895274672708,-1.281940965013246,0.10468855946527013,-1.2200949036453839,-0.1416621755413419,-0.035640387418039696,0
2.0015534933189074,-1.1731764509300942,1.4071504635725967,0.7613825909291886,-0.008973612535513008,1.9879309487122983,0.676667748715948,1.9483153043119141,0.061853563527718286,1.9797709644062649,0.33731846816229333,1
-0.2270802639910546,-0.7250348995447174,0.08640766521024622,-0.8771501280176109,2.2275133945543315,-1.5035720572284939,-0.06182406137866606,0.32815846793150744,-0.07308838038524,1.9797709644062649,-0.8747978124737885,1
-0.8896470567048276,1.5996993982669228,-1.3867285329631442,-1.8602697593856912,2.2275133945543315,0.03679691598067917,-0.5434491549186318,-1.118809189387528,0.061853563527718286,-1.0194965782782826,-0.5950786707885384,0
-0.16684691919889366,0.7874428363809284,0.13720546514725973,-0.5494435842282511,-1.1406899293761579,2.296004743354133,0.5161260508692929,-0.5098536888169446,-0.34297226821115656,-0.6537322438045569,-0.22211981520820703,1
2.453303579260115,-1.005123369160578,1.1023636639505157,0.43367604713982905,-0.11675611890128879,1.166400829667406,0.7408844278546102,1.5013754873793774,-1.2875658756018615,0.7361722271955987,-0.035640387418039696,1
-0.6487136775361827,-0.6410083586599595,0.4419922647693405,-0.5494435842282511,-0.008973612535513008,-0.2712768786611554,-0.029715721809335013,0.2722909908149481,1.1413891148313846,-0.06850930864659677,-1.1545169541590388,0
-1.0703470910813109,0.003195121456519432,-1.0819417333410635,-0.5494435842282511,-0.9790161698274943,1.371783359428629,-0.06182406137866606,-1.0182477305776716,0.46667939526659313,1.321395162353559,-0.12888010131312252,1
-1.0703470910813109,0.7874428363809284,-1.3867285329631442,2.1541354020339694,-1.3023636889248211,-0.47665940842237847,-0.8324242110426112,-1.023834478289365,0.9389761989619486,-0.6537322438045569,1.269715607113125,0
0.9173532870600074,2.7200532767303653,0.3403966648953138,-0.5494435842282511,-0.11675611890128879,1.6798571540704637,2.5228972739524833,0.7192308077474848,-1.0851529597324256,-0.8731908444887923,-0.8747978124737885,0
1.338986700605135,-0.7810525934678896,0.9499702641394754,-0.2217370404388908,-0.3323211316328403,-0.16858561378054387,-0.6076658340572939,-0.40929223000715015,-1.6923917073407364,1.394548029248304,0.896756751532792,1
-0.10661357440673272,-0.8370702873910617,0.03560986527323299,-0.38559031233357094,-0.8173424102788306,-0.2712768786611554,-0.5113408153493008,0.0488210823487108,-0.5453851840805926,0.5898664934061085,-0.6883183846836228,1
-0.7089470223283442,-0.33291104208251326,-1.3867285329631442,-0.2217370404388908,-0.7634511570959427,-0.8874244679448245,-1.0250742484585975,-0.8618187946513179,0.6016213391795514,-0.5074265100150674,0.4305581820573761,0
-0.046380229614571784,-0.7250348995447174,0.18800326508427323,-0.7132968561229313,0.04491764064737488,-0.784733203064213,-0.7039908527652871,-0.3981187345838259,-0.4779142121241119,0.29725502582712804,0.15083904037212598,1
-0.7089470223283442,0.003195121456519432,-1.03114393340405,-1.0410033999122912,-0.5478861443643919,-0.06589434889993236,-0.7039908527652871,-0.9009260286329219,-0.14055935234171765,0.07779642514289346,0.33731846816229333,1
-0.16684691919889366,0.39531897891872364,-0.26917693434884793,-0.38559031233357094,-0.0628648657184009,0.9610182999061829,1.896784652350528,-0.32549101433231115,-0.07308838038524,-1.1658023120677727,-0.5018389568934555,0
-0.9498804014969885,1.2355843877663046,-1.3359307330261307,0.10596950335046876,-0.17064737208417666,0.1394881808612907,-0.4471241362106387,-0.6774561201666226,1.6136859185267372,-0.2879679093308321,2.2021127460639565,1
-0.28731360878321605,0.1712482032260358,-0.4215703341598883,-0.5494435842282511,-0.008973612535513008,0.1394881808612907,1.9931096710585212,-0.2863837803507072,0.061853563527718286,-0.8000379775940472,-0.8747978124737885,0
0.25478649434623396,0.8154516833425145,-0.8787505335930095,-1.2048566718069709,0.4760476661104772,-1.1954982625866593,-1.1213992671665907,0.41195968360634644,-0.005617408428759358,0.004643558248148351,-0.8281779555262463,0
2.1220201829032304,-1.117158757006922,1.1023636639505157,1.7445022222972686,0.6377214256591409,2.706769802876579,1.0940761631172518,1.9483153043119141,-0.07308838038524,0.8093250940903438,0.24407875426720882,1
0.4957198735148788,-0.1648579603129969,0.13720546514725973,-0.7132968561229313,-0.8712336634617185,-0.784733203064213,-0.9287492297506044,0.5739753672443934,0.061853563527718286,0.4435607596166182,0.05759932647704314,1
0.315019839138396,-0.6690172056215457,1.8643306630057177,-0.2217370404388908,0.6377214256591409,-0.6820419381836015,-0.12604074051732816,1.054435670446903,1.5462149465702595,0.07779642514289346,0.05759932647704314,0
-0.2270802639910546,-1.005123369160578,-0.31997473428586143,-0.7132968561229313,-0.4401036379986161,2.706769802876579,1.800459633642535,-0.17464882611758856,-0.27550129625467595,-0.5074265100150674,-0.8747978124737885,0
-0.7089470223283442,-1.2291941448532662,0.13720546514725973,-0.2217370404388908,-1.5179287016563727,2.09062221359291,2.5228972739524833,-0.11878134900096719,-2.502043370818486,2.5649938995642243,-0.8747978124737885,0
-1.130580435873472,-0.7810525934678896,0.2895988649583003,1.5806489504025885,-1.8951674739365876,-0.37396814354176694,0.2271509947453134,-2.107663534350703,0.33173745135363486,-0.214815042436087,1.6426744626934564,1
2.453303579260115,-0.38892873600568506,1.2547570637615562,-0.2217370404388908,-0.5478861443643919,-0.37396814354176694,-0.35079911750264553,2.1717852127781514,-1.42250781951482,-0.6537322438045569,-1.3409963819492043,1
-1.1908137806656334,-0.9491056752374059,-0.4215703341598883,1.4167956785079092,-0.3323211316328403,-0.06589434889993236,-0.2223657592253213,-0.6215886430500632,1.6811568904832177,-0.9463437113835373,2.108873032168872,1
1.399220045397296,-1.2291941448532662,1.1023636639505157,-0.2217370404388908,-0.9790161698274943,0.24217944574190223,-0.19025741965599027,0.4957608992812475,-1.1526239316889033,-1.0194965782782826,-0.5950786707885384,1
-0.046380229614571784,0.3393012849955515,-1.3867285329631442,0.2698227752451489,0.6377214256591409,0.34487071062251373,0.38769269259196865,1.9483153043119141,1.2763310587443428,0.004643558248148351,-1.0612772402639543,1
0.9775866318521684,-1.005123369160578,1.4071504635725967,-0.38559031233357094,-1.032907423010382,-1.0928069977060477,-1.0250742484585975,0.2164235136983888,-0.34297226821115656,1.0287836947745792,0.15083904037212598,0
0.315019839138396,-1.6213180023154707,0.391194464832327,-1.0410033999122912,-1.410146195290597,-0.2712768786611554,-0.6076658340572939,-1.5489887631850474,-1.1526239316889033,-0.43427364312032235,0.8035170376377091,1
0.315019839138396,0.4513366728418957,-0.4215703341598883,2.1541354020339694,0.6916126788420288,1.4744746243092406,0.7408844278546102,0.6466030874959701,-0.6128561560370701,-1.0926494451730275,-0.4085992429983727,1
0.01385311517759022,1.2916020816894769,0.08640766521024622,2.1541354020339694,-0.3323211316328403,-0.37396814354176694,-0.9608575693199355,-0.11878134900096719,0.9389761989619486,0.2241021589323837,0.9899964654278748,1
-0.28731360878321605,1.9077967148443695,-0.06598573460079403,2.1541354020339694,1.3921989702195705,1.5771658891898521,0.676667748715948,-0.018219890191172806,-0.34297226821115656,-1.3852609127520077,-1.1545169541590388,0
2.0015534933189074,-0.33291104208251326,0.8483746642654483,-1.2048566718069709,2.2275133945543315,2.09062221359291,0.16293431560665128,0.9203537253671357,0.46667939526659313,1.5408537630377943,-0.5018389568934555,0
-0.6487136775361827,0.9274870711888581,-0.7263571337819691,-0.5494435842282511,-0.27842987844995243,-0.37396814354176694,-0.8324242110426112,-0.6998031110132711,-0.14055935234171765,-0.8000379775940472,-0.31535952910328985,0
0.6161865630992017,1.375628622574235,-0.015187934663780522,0.7613825909291886,-0.17064737208417666,0.8583270350255714,0.3234760134533065,0.9427007162137221,-0.005617408428759358,0.1509492920376386,0.15083904037212598,1
-0.4680136431596994,0.2832835910723794,-1.2343351331521037,2.1541354020339694,-0.0628648657184009,1.166400829667406,0.002392617759996037,-0.4428127162770609,-1.962275595166653,-1.312108045857263,-1.1545169541590388,0
-1.130580435873472,0.003195121456519432,-0.929548333530023,2.1541354020339694,2.2275133945543315,-0.16858561378054387,-0.4792324757799697,0.0488210823487108,1.2763310587443428,0.1509492920376386,0.523797895952459,0
-1.0703470910813109,-0.7810525934678896,-0.21837913441183443,2.1541354020339694,-1.6257112080221485,1.2690920945480175,1.4472678983798932,-0.8450585515163626,0.8715052270054681,-0.7268851106993021,1.5494347487983735,1
-0.16684691919889366,-0.6129995116983735,-0.5231659340339152,-0.5494435842282511,-0.4401036379986161,-0.9901157328254361,-0.8966408901812734,0.2722909908149481,-0.14055935234171765,-0.2879679093308321,-1.1545169541590388,1
-0.7691803671205052,0.6754074485345842,-1.2851329330891172,-0.38559031233357094,-0.8173424102788306,-0.784733203064213,-0.671882513195956,0.2722909908149481,1.073918142874907,0.1509492920376386,-0.8747978124737885,1
-1.9136139181715672,-0.6129995116983735,-1.3867285329631442,-0.8771501280176109,-2.0029499803023634,0.24217944574190223,1.3509428796719,-2.4819756310317245,2.4908085539609677,0.5898664934061085,2.8547907433295383,1
-1.3112804702499556,0.3393012849955515,-1.3359307330261307,-0.38559031233357094,-1.356254942107709,-1.0928069977060477,-1.0571825880279286,-1.113222441675835,1.4112730026573013,-0.6537322438045569,0.896756751532792,0
-0.4680136431596994,1.0955401529583744,-1.1835373332150902,-1.368709943701651,-0.27842987844995243,-0.784733203064213,-0.9929659088892665,-0.9120995240562462,-0.34297226821115656,-0.8731908444887923,-0.7815580985787057,0
-0.28731360878321605,-0.27689334815934113,2.0675218627537717,-1.0410033999122912,2.2275133945543315,-0.16858561378054387,-0.4471241362106387,-0.0852608627310564,-1.4899787914713005,2.5649938995642243,-1.2477566680541214,1
0.3752531839305569,-1.733353390161815,1.0515658640135022,-0.8771501280176109,-0.22453862526706456,1.371783359428629,0.4519093717306307,0.0488210823487108,0.5341503672230739,-0.8731908444887923,-0.9680375263688714,1
1.8810868037345856,-1.5092826144691265,0.8483746642654483,2.072208766086629,-0.5478861443643919,-0.9901157328254361,-0.8645325506119423,1.054435670446903,-1.2875658756018615,1.2482422954588137,-1.0612772402639543,1
-0.7089470223283442,0.8434605303041005,-1.3867285329631442,-0.057883768544211386,0.3143739065618136,0.1394881808612907,-0.6397741736266249,0.6242560966493216,0.9389761989619486,-0.8731908444887923,-0.8747978124737885,0
-0.4680136431596994,0.2832835910723794,-0.3707725342228748,-0.5494435842282511,-0.4401036379986161,1.8852396838316867,-0.06182406137866606,-0.9903139920193921,-1.42250781951482,-1.604719513436243,-1.0612772402639543,0
0.25478649434623396,1.4036374695358211,1.2039592638245427,-1.0410033999122912,2.2275133945543315,-0.37396814354176694,0.644559409146617,-0.26962353721575183,-2.0972175390796113,2.5649938995642243,-1.1545169541590388,0
0.3752531839305569,-0.7250348995447174,1.2039592638245427,0.43367604713982905,-1.5718199548392606,-0.2712768786611554,-0.6076658340572939,-0.9567935057494812,0.061853563527718286,1.8334652306167747,2.761551029434455,1
0.7968865974756845,0.1712482032260358,-0.21837913441183443,1.7445022222972686,1.1227427043051312,2.193313478473521,1.4793762379492243,1.6131104416125581,-0.07308838038524,0.004643558248148351,-0.31535952910328985,0
0.01385311517759022,0.9835047651120302,-0.7771549337189826,0.43367604713982905,0.583830172476253,-0.37396814354176694,-0.5755574944879629,1.5013754873793774,1.3438020307008205,0.5167136265113633,-0.4085992429983727,0
-0.7691803671205052,0.2832835910723794,0.03560986527323299,2.1541354020339694,0.20659140019603855,-0.37396814354176694,0.7408844278546102,-0.21375606009913048,0.061853563527718286,0.37040789272187313,0.523797895952459,1
1.399220045397296,-0.6129995116983735,1.0515658640135022,0.5975293190345091,-0.8712336634617185,-1.0928069977060477,-0.8966408901812734,0.2722909908149481,-0.6803271279935508,1.6140066299325393,0.8035170376377091,1
-1.7329138837950833,1.1795666938431326,-1.3867285329631442,-1.8602697593856912,-2.164623739851027,0.03679691598067917,0.002392617759996037,-2.3087864519703536,2.524544039939203,-0.43427364312032235,1.9223936043787064,1
-0.6487136775361827,-1.06114106308375,-0.16758133447482107,-0.5494435842282511,-0.5478861443643919,1.4744746243092406,0.19504265517598235,-0.5322006796635931,0.8715052270054681,-0.5074265100150674,-0.31535952910328985,0
0.3752531839305569,0.3673101319571376,0.6959812644544078,2.1541354020339694,0.2604826533789257,1.4744746243092406,2.025218010627852,1.7248453958456769,-0.27550129625467595,-0.5805793769098126,-1.0612772402639543,0
-1.2510471254577942,0.56337206068824,0.18800326508427323,-1.0410033999122912,0.3682651597447015,-0.06589434889993236,0.5803427300079549,0.10468855946527013,1.0064471709184264,1.0287836947745792,-1.0612772402639543,0
-0.5884803327440218,-0.1088402663898248,-0.47236813409690187,-0.38559031233357094,-0.601777397547279,-0.37396814354176694,-0.5755574944879629,0.5404548809744826,1.4112730026573013,0.5898664934061085,-0.8747978124737885,1
2.182253527695391,-0.7810525934678896,2.1183196626907845,0.7613825909291886,0.7455039320249167,0.1394881808612907,-0.35079911750264553,1.5013754873793774,-1.42250781951482,-0.2879679093308321,0.33731846816229333,1
0.19455314955407302,-0.22087565423616903,0.08640766521024622,-0.5494435842282511,1.5538727297682342,0.34487071062251373,2.5228972739524833,0.2722909908149481,-2.569514342774964,2.5649938995642243,-0.5950786707885384,0
0.9775866318521684,-0.1648579603129969,-0.16758133447482107,-0.057883768544211386,1.176633957488019,-0.9901157328254361,-1.0250742484585975,0.6074958535143662,0.1967955074406766,-0.9463437113835373,-0.4085992429983727,0
0.19455314955407302,0.003195121456519432,-0.26917693434884793,-0.5494435842282511,1.014960197939356,-0.8874244679448245,-0.6076658340572939,-0.007046394767848533,-0.7477980999500284,-0.6537322438045569,-0.22211981520820703,1
0.6161865630992017,0.7034162954961702,-0.06598573460079403,-0.5494435842282511,0.7993951852078045,-1.0928069977060477,-0.35079911750264553,0.37285244962480457,-0.4104432401676342,-1.677872380330988,-0.7815580985787057,0
0.4957198735148788,-0.7250348995447174,1.5087460634466232,2.1541354020339694,-0.0628648657184009,-0.9901157328254361,-0.8324242110426112,-0.10760785357770496,-0.2080303242981983,-0.5805793769098126,1.9223936043787064,1
-1.130580435873472,-0.8370702873910617,-0.6755593338449556,-0.2217370404388908,-2.2993518728082454,-0.06589434889993236,-0.671882513195956,-0.8785790377862733,0.8715052270054681,0.004643558248148351,0.6170376098475419,1
-0.8896470567048276,0.7314251424577564,-1.03114393340405,-1.2048566718069709,-0.601777397547279,0.03679691598067917,0.4840177112999618,-0.5545476705101796,-0.14055935234171765,-0.36112077622557726,-1.0612772402639543,0
0.9775866318521684,1.1795666938431326,0.03560986527323299,0.43367604713982905,-0.17064737208417666,0.5502532403837368,0.9977511444092586,0.7192308077474848,-0.2080303242981983,-1.0194965782782826,-0.5950786707885384,0
0.3752531839305569,-0.8370702873910617,0.6451834645173946,-0.2217370404388908,-0.7095599039130548,-0.37396814354176694,-0.5755574944879629,-1.0350079737126892,-0.27550129625467595,0.7361722271955987,2.0156333182737893,1
2.453303579260115,0.1712482032260358,1.1023636639505157,0.10596950335046876,-0.9251249166446064,-1.0928069977060477,-0.6076658340572939,1.7807128729622361,-1.5574497634277782,1.6140066299325393,0.4305581820573761,0
-1.1908137806656334,-0.33291104208251326,-1.3867285329631442,-1.5325632155963311,-1.410146195290597,1.166400829667406,-0.4150157966413076,-2.4819756310317245,0.9389761989619486,-1.238955178962518,1.7359141765885409,1
0.315019839138396,-0.7250348995447174,0.6451834645173946,-0.2217370404388908,-0.11675611890128879,0.34487071062251373,0.19504265517598235,0.7192308077474848,0.8715052270054681,-0.06850930864659677,-1.1545169541590388,0
-0.347546953575377,0.059212815379691544,-0.06598573460079403,-0.7132968561229313,0.4221564129275893,0.7556357701449599,2.5228972739524833,-0.19699581696417506,-0.34297226821115656,-0.43427364312032235,-0.6883183846836228,0
-1.130580435873472,0.6193897546114121,-0.31997473428586143,-0.8771501280176109,-0.008973612535513008,-0.16858561378054387,-0.4792324757799697,0.09910181175363901,1.8835698063526536,0.07779642514289346,-0.5950786707885384,0
-0.2270802639910546,-1.6213180023154707,0.6451834645173946,-1.2048566718069709,-1.356254942107709,-0.47665940842237847,-0.671882513195956,-0.007046394767848533,0.061853563527718286,1.6140066299325393,-1.6207155236344546,1
-0.8896470567048276,0.4513366728418957,-1.1835373332150902,-1.368709943701651,-1.3023636889248211,-1.0928069977060477,-1.1535076067359218,-0.8171248129580829,0.7365632830925097,-0.36112077622557726,-0.8747978124737885,0
0.4957198735148788,0.39531897891872364,-1.3867285329631442,-0.7132968561229313,-1.2484724357419332,-1.0928069977060477,-1.1535076067359218,0.5516283763978068,-0.8827400438629868,-0.1416621755413419,-0.035640387418039696,1
-1.130580435873472,0.1712482032260358,-0.6247615339079422,-0.8771501280176109,-0.17064737208417666,0.1394881808612907,0.612451069577286,-2.107663534350703,0.12932453548419892,-0.36112077622557726,0.05759932647704314,1
0.4354865287227178,1.4316463164974071,-0.16758133447482107,-1.0410033999122912,-0.17064737208417666,-0.57935067330299,-0.8003158714732802,0.1158620548885944,-0.14055935234171765,0.1509492920376386,-0.4085992429983727,0
-0.7691803671205052,-0.5569818177752014,0.13720546514725973,-0.5494435842282511,0.20659140019603855,-0.9901157328254361,-0.2223657592253213,-1.8171526533445819,0.12932453548419892,-1.3852609127520077,1.3629553210082077,1
-0.16684691919889366,0.2832835910723794,0.03560986527323299,1.4167956785079092,-0.8173424102788306,0.5502532403837368,2.185759708474507,0.32815846793150744,-0.6128561560370701,-0.8000379775940472,-0.9680375263688714,1
0.13431980476191208,-0.22087565423616903,-0.8279527336559962,-0.057883768544211386,0.15270014701315066,-0.6820419381836015,0.676667748715948,0.0488210823487108,-0.9502110158194674,-0.8731908444887923,-0.9680375263688714,0
-0.10661357440673272,1.655717092190095,-0.16758133447482107,-0.38559031233357094,0.15270014701315066,-1.0928069977060477,-1.0571825880279286,0.2722909908149481,0.3992084233101155,0.8824779609850889,0.24407875426720882,1
-1.2510471254577942,1.4316463164974071,-1.3867285329631442,-0.38559031233357094,-1.1406899293761579,-0.9901157328254361,-1.0571825880279286,-0.04056688103782135,1.8835698063526536,-0.2879679093308321,-0.4085992429983727,0
-0.7089470223283442,-1.005123369160578,0.08640766521024622,0.2698227752451489,0.7993951852078045,0.44756197550312526,0.2271509947453134,-0.2863837803507072,0.7365632830925097,0.004643558248148351,0.523797895952459,1
-0.4680136431596994,-0.22087565423616903,-0.3707725342228748,0.43367604713982905,2.2275133945543315,-0.784733203064213,-1.0250742484585975,0.0488210823487108,-0.6803271279935508,1.8334652306167747,0.05759932647704314,1
1.2185200110208132,0.003195121456519432,1.0515658640135022,0.2698227752451489,-0.9790161698274943,-0.9901157328254361,-0.671882513195956,1.7248453958456769,-1.2875658756018615,-0.43427364312032235,-1.0612772402639543,1
0.6764199078913626,-0.1648579603129969,0.3403966648953138,2.072208766086629,0.04491764064737488,-1.0928069977060477,-1.0250742484585975,1.1103031475634622,-0.14055935234171765,-0.9463437113835373,0.24407875426720882,1
1.9413201485267466,-0.4449464299288572,1.1531614638875292,1.089089134718549,-0.17064737208417666,0.34487071062251373,0.034500957329327085,2.0041827814284736,-0.34297226821115656,2.5649938995642243,0.523797895952459,1
-0.16684691919889366,-0.8370702873910617,-1.0819417333410635,-0.8771501280176109,-0.17064737208417666,-0.37396814354176694,0.09871763646798919,-0.25845004179242753,0.3992084233101155,-0.9463437113835373,-0.5018389568934555,1
-0.4077802983675385,-0.27689334815934113,0.18800326508427323,0.7613825909291886,-0.601777397547279,-1.1954982625866593,-0.9929659088892665,0.12144880260022553,-0.6128561560370701,-0.7268851106993021,-0.12888010131312252,1
-0.7089470223283442,0.56337206068824,-1.0819417333410635,-0.5494435842282511,0.09880889383026277,-0.784733203064213,-0.5434491549186318,1.0265019318886233,2.423337582004487,0.5898664934061085,-0.7815580985787057,0
0.5559532183070397,1.2635932347278909,-0.47236813409690187,-0.2217370404388908,2.2275133945543315,-0.57935067330299,1.8325679732118658,0.10468855946527013,-2.6032498287532055,2.5649938995642243,-0.22211981520820703,1
-0.4680136431596994,0.3393012849955515,-0.26917693434884793,-0.8771501280176109,0.04491764064737488,2.706769802876579,0.4519093717306307,-0.9623802534611123,-1.42250781951482,-1.677872380330988,-1.1545169541590388,0
-1.0101137462891498,1.1515578468815466,-1.2851329330891172,2.1541354020339694,2.2005677679628883,2.706769802876579,2.506843104167818,1.5013754873793774,1.073918142874907,-0.8731908444887923,-0.5018389568934555,0
0.25478649434623396,-1.2291941448532662,0.9499702641394754,-1.5325632155963311,-1.1945811825590458,-0.47665940842237847,-0.671882513195956,-0.06291387188440786,0.33173745135363486,0.8093250940903438,-0.31535952910328985,1
-0.046380229614571784,1.1235489999199606,-0.31997473428586143,-1.0410033999122912,-0.3862123848157282,-1.0928069977060477,-1.0571825880279286,0.0488210823487108,-0.7477980999500284,-0.9463437113835373,-0.8747978124737885,0
-0.347546953575377,0.6193897546114121,-0.31997473428586143,-0.2217370404388908,-0.22453862526706456,1.6798571540704637,2.5228972739524833,-0.6215886430500632,-0.27550129625467595,-1.458413779646753,-0.5018389568934555,0
-0.9498804014969885,0.8154516833425145,-1.03114393340405,0.10596950335046876,0.4221564129275893,0.1394881808612907,1.1582928422559138,-0.5098536888169446,0.2642664793971572,-0.8000379775940472,-0.31535952910328985,0
0.01385311517759022,-1.5092826144691265,0.7467790643914213,-0.5494435842282511,-0.0628648657184009,-0.47665940842237847,-0.6076658340572939,0.3840259450480668,-0.6803271279935508,1.1019365616693244,-0.9680375263688714,1
-0.10661357440673272,1.0675313059967884,-0.929548333530023,0.7613825909291886,0.15270014701315066,0.24217944574190223,0.09871763646798919,1.5013754873793774,0.8040342550489904,0.5167136265113633,0.6170376098475419,1
-0.5884803327440218,2.131867490537058,-0.8787505335930095,-0.8771501280176109,-0.3862123848157282,0.44756197550312526,0.3234760134533065,0.004127100655475738,0.2642664793971572,-0.6537322438045569,-1.1545169541590388,0
1.2787533558129742,-0.6690172056215457,1.4071504635725967,1.4167956785079092,-0.27842987844995243,0.6529445052643483,0.25925933431464443,1.6131104416125581,-1.0851529597324256,1.7603123637220295,-0.5018389568934555,1
-1.0101137462891498,-0.5009641238520293,-0.929548333530023,-0.2217370404388908,-0.9790161698274943,-0.6820419381836015,-0.8966408901812734,-1.2696513776022507,0.7365632830925097,0.29725502582712804,0.8035170376377091,1
-1.0101137462891498,0.22726589714920728,-1.2851329330891172,-0.38559031233357094,1.8233289956826737,-0.9901157328254361,-0.9608575693199355,-0.09643435815438069,0.46667939526659313,0.29725502582712804,-0.8747978124737885,0
-0.8294137119126661,-0.05282257246665268,-0.11678353453780754,0.43367604713982905,-0.008973612535513008,-0.57935067330299,-0.2865824383639834,0.07675482090699047,1.0064471709184264,-1.0926494451730275,0.523797895952459,0
-1.0101137462891498,-0.05282257246665268,-1.1835373332150902,-0.2217370404388908,-0.6556686507301669,-0.784733203064213,-0.9929659088892665,-0.6215886430500632,0.6016213391795514,-0.1416621755413419,-0.9680375263688714,1
-0.16684691919889366,1.347619775612649,0.23880106502128676,-0.38559031233357094,-0.11675611890128879,0.03679691598067917,0.9014261257012655,-0.0852608627310564,-0.27550129625467595,-1.0926494451730275,-0.5950786707885384,1
-0.7691803671205052,-1.6773356962386428,0.6451834645173946,-1.2048566718069709,-0.9790161698274943,0.5502532403837368,0.676667748715948,-0.8450585515163626,1.2763310587443428,-0.1416621755413419,0.6170376098475419,0
1.9413201485267466,-0.6690172056215457,1.2547570637615562,1.089089134718549,-0.0628648657184009,1.371783359428629,0.2913676738839755,1.8924478271953549,-0.34297226821115656,1.6871594968272845,0.523797895952459,0
-1.9136139181715672,0.31129243803396545,-1.3867285329631442,-1.0410033999122912,-2.0029499803023634,-0.16858561378054387,1.286726200533238,-2.275265965700443,1.6811568904832177,2.1260766981957544,2.2953524599590396,1
-0.6487136775361827,-0.6690172056215457,0.13720546514725973,-0.38559031233357094,0.09880889383026277,1.9879309487122983,0.8372094465626033,0.16055603658182946,0.8715052270054681,-0.9463437113835373,-0.9680375263688714,0
-0.16684691919889366,-1.3972472266227822,0.8483746642654483,-0.8771501280176109,-0.008973612535513008,1.2690920945480175,0.7087760882852792,-0.9512067580378502,0.33173745135363486,0.07779642514289346,0.7102773237426246,0
-0.4680136431596994,-0.8370702873910617,1.0515658640135022,0.43367604713982905,-0.4401036379986161,0.6529445052643483,1.222509521394576,0.2722909908149481,0.061853563527718286,0.37040789272187313,-0.7815580985787057,0
-1.7329138837950833,1.711734786113267,-0.9803461334670364,-1.8602697593856912,-1.8951674739365876,-0.2712768786611554,1.5114845775185555,-2.40934791078021,1.7486278624396954,1.467700896143049,2.3885921738541223,1
-0.7691803671205052,-0.4449464299288572,0.3403966648953138,0.5975293190345091,0.04491764064737488,0.03679691598067917,0.8372094465626033,0.7192308077474848,1.6136859185267372,-0.36112077622557726,-0.8747978124737885,0
2.2424868724875524,-0.7810525934678896,1.9659262628797447,1.089089134718549,0.6377214256591409,-0.37396814354176694,-0.5113408153493008,1.6131104416125581,-0.8827400438629868,-0.1416621755413419,0.33731846816229333,1
0.19455314955407302,1.683725939151681,-1.3867285329631442,0.7613825909291886,0.7455039320249167,0.1394881808612907,-0.09393240094799711,0.8421392574039277,0.12932453548419892,-0.36112077622557726,-0.035640387418039696,1
-0.7089470223283442,0.6754074485345842,-0.47236813409690187,-0.8771501280176109,-0.601777397547279,-0.2712768786611554,-0.19025741965599027,0.16055603658182946,0.8715052270054681,-0.36112077622557726,-1.2477566680541214,0
-0.8896470567048276,0.1712482032260358,-1.2343351331521037,-1.0410033999122912,0.15270014701315066,0.24217944574190223,-0.35079911750264553,0.0488210823487108,0.8715052270054681,-0.1416621755413419,-0.4085992429983727,1
-0.8896470567048276,0.8994782242272721,-1.3867285329631442,2.1541354020339694,2.2275133945543315,0.5502532403837368,0.38769269259196865,1.6689779187291176,1.0064471709184264,0.5167136265113633,-0.22211981520820703,0
1.0980533214364903,-1.3972472266227822,0.9499702641394754,-0.8771501280176109,-1.679602461205036,-1.0928069977060477,-1.0571825880279286,0.3840259450480668,-1.8273336512536948,1.0287836947745792,-0.22211981520820703,1
-0.5282469879518603,0.11523050930286366,-0.4215703341598883,-0.8771501280176109,0.04491764064737488,-0.06589434889993236,-0.38290745707197654,-0.09084761044268753,1.2088600867878652,0.2241021589323837,0.05759932647704314,0
-0.8896470567048276,-0.9491056752374059,0.23880106502128676,-0.8771501280176109,-0.7634511570959427,-1.1954982625866593,-1.2177242858745838,-2.1858780023139106,0.33173745135363486,-0.7268851106993021,2.2021127460639565,1
-0.7089470223283442,0.39531897891872364,-1.3359307330261307,-0.057883768544211386,-0.11675611890128879,0.8583270350255714,-0.2865824383639834,-0.8785790377862733,0.6016213391795514,-0.2879679093308321,0.4305581820573761,1
1.399220045397296,-1.06114106308375,1.1023636639505157,1.4167956785079092,-0.17064737208417666,0.44756197550312526,1.0298594839785897,1.389640533146259,-0.8152690719065091,0.37040789272187313,-0.4085992429983727,1
-0.7089470223283442,-0.5569818177752014,0.7467790643914213,2.1541354020339694,-0.5478861443643919,1.2690920945480175,2.5228972739524833,0.32815846793150744,0.7365632830925097,0.4435607596166182,0.05759932647704314,0
-0.8294137119126661,0.1712482032260358,-1.2343351331521037,-1.368709943701651,0.2604826533789257,2.09062221359291,0.002392617759996037,-0.8338850560930383,1.478743974613779,-0.5805793769098126,0.15083904037212598,0
0.25478649434623396,-1.117158757006922,0.5435878646433675,1.5806489504025885,-0.9790161698274943,-0.57935067330299,-0.8645325506119423,-1.1355694325224834,-0.07308838038524,0.5898664934061085,1.4561950349032906,1
-0.5884803327440218,-1.005123369160578,-0.16758133447482107,-0.5494435842282511,-0.7634511570959427,1.2690920945480175,0.06660929689865813,-0.5322006796635931,0.8040342550489904,-0.8000379775940472,-0.4085992429983727,0
0.9173532870600074,-1.06114106308375,0.594385664580381,-1.5325632155963311,-0.8173424102788306,-1.2981895274672708,-1.249832625443915,-1.1243959370991592,-0.8152690719065091,-0.7268851106993021,0.896756751532792,1
-0.4680136431596994,0.2832835910723794,-0.6755593338449556,-0.2217370404388908,-0.22453862526706456,1.166400829667406,0.4519093717306307,-0.2305163032341479,-0.2080303242981983,-0.43427364312032235,-0.5950786707885384,0
-0.28731360878321605,0.003195121456519432,-1.3359307330261307,-1.2048566718069709,-0.22453862526706456,-1.2981895274672708,-0.8645325506119423,-0.9567935057494812,-1.017681987775945,-1.3852609127520077,-0.5950786707885384,0
-0.8294137119126661,-0.7250348995447174,-0.6755593338449556,0.10596950335046876,0.20659140019603855,0.5502532403837368,-0.19025741965599027,0.0488210823487108,0.8040342550489904,-0.1416621755413419,-0.6883183846836228,1
-1.973847262963728,-0.8370702873910617,-1.3359307330261307,-1.2048566718069709,-1.7873849675708118,1.0637095647867945,0.4519093717306307,-2.4819756310317245,2.524544039939203,0.7361722271955987,2.8547907433295383,1
1.2185200110208132,-0.1648579603129969,0.7467790643914213,-0.5494435842282511,-0.6556686507301669,0.5502532403837368,0.16293431560665128,0.8309657619806035,-1.017681987775945,0.5167136265113633,0.9899964654278748,1
1.1582866662286513,-1.6773356962386428,0.492790064706354,-0.2217370404388908,-1.3023636889248211,-0.16858561378054387,-0.31869077793331446,-0.319904266620618,-0.5453851840805926,-1.1658023120677727,-1.0612772402639543,0
-0.4680136431596994,0.4513366728418957,-0.06598573460079403,-0.7132968561229313,-0.4401036379986161,0.8583270350255714,1.3509428796719,-0.3310777620439423,-0.07308838038524,-0.8731908444887923,-0.5950786707885384,0
-0.4077802983675385,-0.1648579603129969,0.08640766521024622,-0.057883768544211386,0.2604826533789257,-1.0928069977060477,-1.0250742484585975,-0.945620010326157,0.061853563527718286,-0.214815042436087,0.9899964654278748,1
1.0980533214364903,-0.4449464299288572,-0.21837913441183443,-0.7132968561229313,0.04491764064737488,-0.57935067330299,-0.8966408901812734,0.5739753672443934,-0.6128561560370701,0.004643558248148351,-1.0612772402639543,1
0.7968865974756845,0.8434605303041005,-0.16758133447482107,-0.2217370404388908,0.3143739065618136,-1.0928069977060477,-0.5755574944879629,1.1661706246800214,-1.1526239316889033,-0.36112077622557726,-0.22211981520820703,0
2.453303579260115,-1.4532649205459542,1.7627350631316907,0.43367604713982905,0.04491764064737488,-0.9901157328254361,-0.8003158714732802,1.9483153043119141,-1.017681987775945,0.1509492920376386,-0.6883183846836228,1
-1.0101137462891498,-0.1648579603129969,-1.3359307330261307,-1.368709943701651,-1.1406899293761579,0.1394881808612907,-0.6397741736266249,-0.8450585515163626,0.6016213391795514,-0.5074265100150674,-0.5950786707885384,1
-0.7691803671205052,0.6193897546114121,-1.2851329330891172,-0.38559031233357094,-0.7634511570959427,-0.6820419381836015,-0.7360991923346181,0.16055603658182946,1.073918142874907,0.1509492920376386,-0.9680375263688714,1
-0.8896470567048276,-0.27689334815934113,-0.11678353453780754,-0.5494435842282511,-0.27842987844995243,1.371783359428629,0.4840177112999618,-0.7891910743998032,0.1967955074406766,-0.36112077622557726,-0.035640387418039696,0
-0.2270802639910546,0.2832835910723794,-0.21837913441183443,-0.057883768544211386,-0.27842987844995243,0.7556357701449599,1.5435929170878864,0.08234156861862159,-0.6803271279935508,-0.5074265100150674,-0.8747978124737885,1
0.7366532526835236,1.9918232557291276,-0.015187934663780522,-0.057883768544211386,0.15270014701315066,1.5771658891898521,2.5228972739524833,0.6074958535143662,-0.4779142121241119,-0.8731908444887923,-0.9680375263688714,0
-0.28731360878321605,0.003195121456519432,-1.1835373332150902,-1.0410033999122912,-0.27842987844995243,0.1394881808612907,-0.4792324757799697,-0.17464882611758856,0.12932453548419892,-0.6537322438045569,-0.4085992429983727,1
-0.8896470567048276,0.4513366728418957,-0.3707725342228748,-0.8771501280176109,-0.22453862526706456,-0.47665940842237847,0.612451069577286,0.2164235136983888,1.5462149465702595,-0.5074265100150674,-1.0612772402639543,0
0.25478649434623396,-0.38892873600568506,0.18800326508427323,0.2698227752451489,2.2275133945543315,0.8583270350255714,0.5803427300079549,0.4175464313180396,-1.42250781951482,0.6630193603008536,-0.7815580985787057,0
1.2185200110208132,-0.5009641238520293,1.1531614638875292,2.1541354020339694,1.3921989702195705,-1.0928069977060477,-1.0571825880279286,0.7192308077474848,-0.2080303242981983,1.321395162353559,0.9899964654278748,0
1.8810868037345856,0.5353632137266539,1.9659262628797447,2.1541354020339694,0.3682651597447015,-0.9901157328254361,-0.7039908527652871,1.1661706246800214,-1.3550368475583423,2.49184103266948,2.6683113155393725,1
0.4957198735148788,0.8434605303041005,-0.8279527336559962,0.7613825909291886,0.6377214256591409,-0.47665940842237847,-0.06182406137866606,1.2108646063732567,-0.005617408428759358,-0.7268851106993021,-0.8747978124737885,1
-0.046380229614571784,-1.1731764509300942,0.7467790643914213,-0.057883768544211386,0.9071776915735803,-1.2981895274672708,-1.185615946305253,-0.9232730194795704,-0.27550129625467595,-0.7268851106993021,1.7359141765885409,1
-0.7089470223283442,0.3393012849955515,-1.3359307330261307,-0.057883768544211386,-0.0628648657184009,1.166400829667406,-0.09393240094799711,-0.6774561201666226,0.7365632830925097,-0.5074265100150674,0.24407875426720882,1
1.399220045397296,-0.9491056752374059,1.6611394632576637,-0.2217370404388908,2.2275133945543315,-0.8874244679448245,-0.8966408901812734,1.054435670446903,-1.8273336512536948,2.5649938995642243,-0.9680375263688714,0
-1.3715138150421167,0.6193897546114121,-1.132739533278077,-0.7132968561229313,-0.8173424102788306,-0.6820419381836015,-0.9287492297506044,-0.9791404965961298,1.4112730026573013,0.9556308278798341,0.15083904037212598,0
-0.7691803671205052,-0.6129995116983735,-0.4215703341598883,-0.057883768544211386,-0.5478861443643919,0.24217944574190223,-0.31869077793331446,-1.0908754508292484,0.5341503672230739,-0.6537322438045569,0.4305581820573761,0
-0.4077802983675385,-0.6129995116983735,-0.11678353453780754,2.1541354020339694,1.2305252106709068,1.2690920945480175,1.4151595588105623,0.6298428443609526,-1.0851529597324256,-0.5805793769098126,-1.2477566680541214,0
-0.8896470567048276,0.6193897546114121,-0.8787505335930095,-0.38559031233357094,0.20659140019603855,0.24217944574190223,1.7683512940732038,-0.6215886430500632,0.1967955074406766,-0.9463437113835373,-0.22211981520820703,0
-0.5282469879518603,0.39531897891872364,-0.06598573460079403,-0.38559031233357094,0.09880889383026277,0.1394881808612907,1.4472678983798932,-0.30873077119729375,-0.14055935234171765,-0.6537322438045569,-0.5950786707885384,1
-0.16684691919889366,0.6193897546114121,-0.26917693434884793,0.10596950335046876,0.6916126788420288,-1.0928069977060477,-0.4150157966413076,-0.3310777620439423,0.3992084233101155,-0.5074265100150674,0.523797895952459,0
-0.5282469879518603,-1.005123369160578,0.2895988649583003,0.10596950335046876,-0.7095599039130548,-0.6820419381836015,-0.6397741736266249,-1.1243959370991592,0.33173745135363486,-0.36112077622557726,1.3629553210082077,1
1.4594533901894569,-0.05282257246665268,0.5435878646433675,0.43367604713982905,-0.8173424102788306,1.371783359428629,0.3234760134533065,-0.5266139319519,-1.0851529597324256,1.0287836947745792,1.5494347487983735,1
0.7366532526835236,0.3393012849955515,0.8483746642654483,-0.057883768544211386,-0.5478861443643919,0.5502532403837368,0.7087760882852792,1.389640533146259,1.0064471709184264,-0.1416621755413419,-0.8747978124737885,0
-0.7691803671205052,0.39531897891872364,-0.7771549337189826,-0.2217370404388908,0.09880889383026277,-0.2712768786611554,-0.5755574944879629,-0.06291387188440786,1.4112730026573013,-0.214815042436087,-0.22211981520820703,1
-0.8294137119126661,1.7397436330748532,-0.31997473428586143,2.1541354020339694,-0.3862123848157282,0.03679691598067917,0.612451069577286,0.9538742116370464,1.478743974613779,0.5167136265113633,-1.123437049527346,1
0.3752531839305569,0.19925705018762122,0.3403966648953138,1.089089134718549,0.6377214256591409,0.03679691598067917,2.1215430293358453,1.7248453958456769,0.46667939526659313,-0.2879679093308321,-0.8747978124737885,0
-0.4680136431596994,-0.05282257246665268,-0.5739637339709287,-0.7132968561229313,0.20659140019603855,-0.37396814354176694,-0.35079911750264553,0.0488210823487108,0.46667939526659313,-0.214815042436087,-0.8747978124737885,1
-0.5282469879518603,2.439964807114504,-1.3867285329631442,-0.2217370404388908,0.3682651597447015,0.03679691598067917,-0.4471241362106387,0.47341390843459896,1.8160988343961761,0.1509492920376386,-0.22211981520820703,0
2.1220201829032304,-1.5092826144691265,1.2547570637615562,-0.8771501280176109,-0.5478861443643919,-0.9901157328254361,-1.1535076067359218,0.0488210823487108,-0.7477980999500284,0.5167136265113633,-0.22211981520820703,1
-0.4680136431596994,-0.1088402663898248,-1.2851329330891172,-1.0410033999122912,0.15270014701315066,-0.2712768786611554,-0.4792324757799697,-0.7444970927065061,0.33173745135363486,-0.8000379775940472,0.05759932647704314,1
0.25478649434623396,-0.27689334815934113,0.13720546514725973,0.7613825909291886,-0.8173424102788306,-0.57935067330299,-0.5755574944879629,-0.17464882611758856,0.12932453548419892,0.1509492920376386,0.7102773237426246,1
-0.5282469879518603,1.4316463164974071,-0.4215703341598883,2.1541354020339694,0.6916126788420288,0.34487071062251373,1.6720262753652106,0.2331837568333442,-1.017681987775945,-0.9463437113835373,-0.8126380032103967,1
-0.8896470567048276,1.683725939151681,-0.929548333530023,-0.8771501280176109,-0.3862123848157282,-1.1954982625866593,-0.671882513195956,-0.7668440835531547,0.46667939526659313,-1.458413779646753,-0.7815580985787057,0
-0.10661357440673272,-1.117158757006922,0.8483746642654483,-1.368709943701651,-2.1107324866681387,-0.9901157328254361,-1.0892909275972598,-0.7221501018599197,0.2642664793971572,-0.2879679093308321,0.24407875426720882,0
-0.4680136431596994,-0.05282257246665268,-0.8279527336559962,-1.368709943701651,-0.11675611890128879,-0.47665940842237847,-0.2223657592253213,0.0488210823487108,0.7365632830925097,-0.5074265100150674,-0.7815580985787057,0
0.5559532183070397,0.7874428363809284,-0.8787505335930095,1.089089134718549,0.5299389192933651,-0.37396814354176694,0.06660929689865813,1.2108646063732567,-0.005617408428759358,-0.8000379775940472,-0.8747978124737885,1
-0.4077802983675385,-1.005123369160578,1.6611394632576637,0.43367604713982905,-0.4401036379986161,0.7556357701449599,-0.06182406137866606,-0.0852608627310564,0.46667939526659313,1.0287836947745792,0.6170376098475419,1
0.4957198735148788,1.375628622574235,-0.26917693434884793,-0.2217370404388908,-0.11675611890128879,-0.37396814354176694,0.06660929689865813,0.4957608992812475,-0.8827400438629868,-1.0194965782782826,-0.7815580985787057,0
-0.4077802983675385,-0.6690172056215457,1.1023636639505157,-0.5494435842282511,0.3682651597447015,0.03679691598067917,-0.09393240094799711,0.7192308077474848,1.1413891148313846,-0.06850930864659677,-1.2477566680541214,0
-1.0101137462891498,-0.5009641238520293,-0.6247615339079422,-0.38559031233357094,-0.27842987844995243,0.6529445052643483,0.2271509947453134,-0.5657211659335039,0.061853563527718286,-0.214815042436087,-1.0612772402639543,0
-0.8896470567048276,1.375628622574235,-1.3867285329631442,1.089089134718549,1.1227427043051312,-0.784733203064213,-0.7360991923346181,-0.11878134900096719,0.9389761989619486,-0.6537322438045569,0.24407875426720882,0
0.6161865630992017,-1.1731764509300942,1.5087460634466232,-0.5494435842282511,-0.3862123848157282,1.166400829667406,0.612451069577286,0.10468855946527013,-0.2080303242981983,1.0287836947745792,0.24407875426720882,0
-0.8294137119126661,0.2832835910723794,-0.3707725342228748,-0.959076763964951,-1.2484724357419332,-0.784733203064213,-0.7682075319039492,-1.951234598424349,0.46667939526659313,-1.1658023120677727,1.1764758932180406,0
-1.3112804702499556,-1.06114106308375,-0.11678353453780754,-0.8771501280176109,0.15270014701315066,-1.1954982625866593,-0.5755574944879629,-1.1579164233691321,0.33173745135363486,-1.5315666465414979,-0.31535952910328985,0
1.2787533558129742,0.11523050930286366,-0.21837913441183443,0.5975293190345091,0.5299389192933651,0.24217944574190223,0.06660929689865813,1.5013754873793774,-0.6128561560370701,-0.06850930864659677,-0.12888010131312252,1
-1.2510471254577942,-0.05282257246665268,-0.9803461334670364,2.1541354020339694,-0.5478861443643919,-0.47665940842237847,-0.4471241362106387,-0.14112833984761575,1.6811568904832177,-0.1416621755413419,1.0832361793229577,1
0.315019839138396,-0.5009641238520293,1.1023636639505157,0.7613825909291886,0.09880889383026277,0.24217944574190223,2.089434689766514,0.8309657619806035,-0.07308838038524,-0.36112077622557726,-0.8747978124737885,0
-0.5282469879518603,0.7874428363809284,-0.7771549337189826,-1.2048566718069709,2.2275133945543315,-1.0928069977060477,-0.8003158714732802,-0.3981187345838259,0.5341503672230739,-0.8000379775940472,-0.8747978124737885,0
0.6764199078913626,-1.6213180023154707,0.2895988649583003,-0.057883768544211386,-1.08679867619327,2.706769802876579,0.8693177861319343,0.641016339784277,1.073918142874907,1.8334652306167747,-0.22211981520820703,1
-1.130580435873472,1.8797878678827835,-1.2343351331521037,1.4167956785079092,-0.5478861443643919,1.166400829667406,0.38769269259196865,-0.9567935057494812,2.018511750265612,-1.1658023120677727,2.108873032168872,1
-0.7089470223283442,1.2355843877663046,-1.3359307330261307,-0.2217370404388908,-1.1945811825590458,-0.47665940842237847,-0.8966408901812734,-2.398174415356886,0.5341503672230739,-1.824178114120478,2.2021127460639565,1
1.399220045397296,2.7200532767303653,0.7975768643284348,0.9252358628238687,-0.27842987844995243,1.0637095647867945,1.3509428796719,0.9427007162137221,-1.5574497634277782,-0.5805793769098126,-0.31535952910328985,1
2.0015534933189074,-0.6690172056215457,1.3563526636355832,-1.368709943701651,0.7455039320249167,0.6529445052643483,-0.1581490800866592,0.3560922064897871,-1.962275595166653,0.8093250940903438,-0.5018389568934555,1
0.6764199078913626,0.8714693772656866,-0.8279527336559962,0.5975293190345091,-0.22453862526706456,-0.9901157328254361,-0.4792324757799697,0.9427007162137221,-0.8152690719065091,0.37040789272187313,-0.31535952910328985,1
2.453303579260115,-0.6690172056215457,1.8135328630687042,2.1541354020339694,0.4221564129275893,-0.9901157328254361,0.034500957329327085,2.4790563369192897,-2.0297465671231336,1.1750894285640694,0.33731846816229333,1
-0.16684691919889366,-1.2852118387764382,1.8135328630687042,-1.2048566718069709,-0.008973612535513008,0.03679691598067917,-0.5434491549186318,-0.46515970712370946,-0.07308838038524,0.9556308278798341,0.33731846816229333,1
0.25478649434623396,0.059212815379691544,-0.06598573460079403,0.2698227752451489,0.8532864383906924,-0.8874244679448245,-0.4792324757799697,0.4957608992812475,-0.27550129625467595,-0.36112077622557726,-1.0612772402639543,1
-0.8294137119126661,-0.7250348995447174,-0.16758133447482107,0.2698227752451489,0.09880889383026277,1.4744746243092406,-0.029715721809335013,-0.4539862117003852,-0.34297226821115656,-0.5074265100150674,-0.4085992429983727,0
2.453303579260115,-0.6129995116983735,1.1023636639505157,2.1541354020339694,-0.4401036379986161,0.34487071062251373,-0.09393240094799711,0.6074958535143662,-1.962275595166653,-0.2879679093308321,-0.8747978124737885,0
-0.16684691919889366,2.7200532767303653,-0.31997473428586143,-0.7132968561229313,0.09880889383026277,-0.16858561378054387,-0.1581490800866592,-0.7780175789764789,0.1967955074406766,-1.312108045857263,0.05759932647704314,0
-0.28731360878321605,0.003195121456519432,0.2895988649583003,0.10596950335046876,-0.0628648657184009,0.8583270350255714,2.5228972739524833,-0.09084761044268753,-0.07308838038524,-0.36112077622557726,-0.8747978124737885,0
0.3752531839305569,-2.2935303293935356,0.8991724642024619,-0.8771501280176109,-0.3323211316328403,-0.57935067330299,-0.8003158714732802,-0.6662826247433603,0.6690923111360321,0.8093250940903438,1.3629553210082077,1
-0.347546953575377,0.8994782242272721,-1.132739533278077,0.5975293190345091,-0.3323211316328403,-0.06589434889993236,-0.6076658340572939,0.3840259450480668,-0.34297226821115656,-0.2879679093308321,-1.2477566680541214,0
2.453303579260115,-0.22087565423616903,1.5595438633836367,1.089089134718549,1.176633957488019,1.2690920945480175,1.7041346149345418,2.2835201670112704,-1.017681987775945,2.5649938995642243,0.9899964654278748,1
-0.4680136431596994,0.39531897891872364,-1.2343351331521037,-0.8771501280176109,0.7455039320249167,0.9610182999061829,1.7041346149345418,-0.9567935057494812,0.2642664793971572,-0.8000379775940472,-0.31535952910328985,0
0.01385311517759022,1.4036374695358211,-0.8787505335930095,0.43367604713982905,-0.008973612535513008,2.706769802876579,1.3188345401025692,0.8868332390971628,1.1413891148313846,-0.8731908444887923,-0.4085992429983727,0
0.6161865630992017,-0.8370702873910617,1.0515658640135022,2.1541354020339694,2.2275133945543315,-1.2981895274672708,-1.1213992671665907,-0.5266139319519,-0.5453851840805926,-0.5805793769098126,2.575071601644288,1
2.453303579260115,-1.789371084084987,0.8483746642654483,-0.2217370404388908,-0.3323211316328403,-0.57935067330299,-0.7039908527652871,1.8645140886371372,-1.6249207353842587,1.394548029248304,-1.1545169541590388,1
0.315019839138396,-1.2852118387764382,0.5435878646433675,-0.057883768544211386,-1.1406899293761579,0.34487071062251373,0.8372094465626033,-0.7165633541482265,0.5341503672230739,0.5167136265113633,1.269715607113125,1
-1.0703470910813109,2.075849796613886,-1.3867285329631442,-1.2048566718069709,-1.5718199548392606,-0.6820419381836015,-0.9287492297506044,-1.1411561802341146,1.2763310587443428,-0.1416621755413419,0.4305581820573761,1
-0.4680136431596994,-0.6129995116983735,0.23880106502128676,0.5975293190345091,-0.7634511570959427,-0.8874244679448245,-0.671882513195956,-0.24168979865741014,-0.4779142121241119,-1.5315666465414979,-0.035640387418039696,0
-0.7089470223283442,0.3393012849955515,-1.3867285329631442,-0.38559031233357094,0.5299389192933651,-0.6820419381836015,-1.0250742484585975,-1.023834478289365,0.7365632830925097,-0.7268851106993021,0.9899964654278748,1
-0.2270802639910546,-0.05282257246665268,-0.06598573460079403,-0.7132968561229313,-0.11675611890128879,2.706769802876579,2.5228972739524833,-0.17464882611758856,-0.5453851840805926,-0.8000379775940472,-0.8747978124737885,0
-1.0101137462891498,2.0478409496523,-1.1835373332150902,-0.057883768544211386,-0.7095599039130548,-0.8874244679448245,-1.0571825880279286,-0.4986801933936203,1.478743974613779,-0.5074265100150674,0.33731846816229333,1
-0.2270802639910546,2.7200532767303653,-1.132739533278077,-0.2217370404388908,0.15270014701315066,-0.2712768786611554,-0.5434491549186318,-0.4539862117003852,-0.6128561560370701,-0.7268851106993021,-0.5018389568934555,1
2.453303579260115,-0.1648579603129969,1.4071504635725967,0.7613825909291886,-0.49399489118150397,-0.8874244679448245,-0.7039908527652871,1.9036213226186172,-1.4899787914713005,0.2241021589323837,0.4305581820573761,1
-0.7089470223283442,0.7314251424577564,-1.3867285329631442,2.1541354020339694,0.2604826533789257,0.1394881808612907,-0.029715721809335013,0.4957608992812475,1.0064471709184264,-0.8000379775940472,-0.8747978124737885,0
-0.7691803671205052,0.39531897891872364,0.13720546514725973,2.1541354020339694,-0.7095599039130548,0.44756197550312526,2.057326350197183,1.3561200468763481,-0.07308838038524,2.5649938995642243,-0.22211981520820703,0
2.1220201829032304,-0.8370702873910617,1.4071504635725967,-0.38559031233357094,-0.5478861443643919,-1.0928069977060477,-0.8645325506119423,1.054435670446903,-1.3550368475583423,-0.214815042436087,0.33731846816229333,1
-1.2510471254577942,0.6754074485345842,-1.0819417333410635,-1.2048566718069709,-1.679602461205036,-0.9901157328254361,-0.8966408901812734,-1.8059791579212574,1.7486278624396954,-0.8000379775940472,1.4095751779557484,0
-0.7691803671205052,0.8994782242272721,-1.3867285329631442,-0.7132968561229313,1.7694377424997858,-1.2981895274672708,-1.1535076067359218,-0.19699581696417506,0.2642664793971572,-0.36112077622557726,-0.6883183846836228,1
-0.5884803327440218,-1.117158757006922,1.0007680640764887,-0.38559031233357094,-0.22453862526706456,-1.0928069977060477,-1.1213992671665907,-0.5098536888169446,0.12932453548419892,-0.8731908444887923,-0.12888010131312252,1
1.6401534245659408,-1.5092826144691265,2.0675218627537717,0.3517494111924886,0.20659140019603855,-0.57935067330299,-0.671882513195956,0.16055603658182946,-0.8827400438629868,-0.2879679093308321,1.269715607113125,0
-1.6124471942107614,-1.2291941448532662,0.492790064706354,-1.5325632155963311,-0.3862123848157282,-0.37396814354176694,1.6078095962265486,-0.7333235972832439,0.061853563527718286,-0.5074265100150674,-1.1545169541590388,0
-0.4680136431596994,0.6193897546114121,-1.3867285329631442,0.10596950335046876,-0.22453862526706456,0.24217944574190223,-0.5434491549186318,-0.11878134900096719,0.061853563527718286,-0.36112077622557726,-0.4085992429983727,1
0.07408645996975116,0.3393012849955515,0.08640766521024622,0.43367604713982905,1.4999814765853463,1.5771658891898521,2.3463014063211625,0.724817555459116,-1.0851529597324256,-1.0926494451730275,-1.2477566680541214,0
-0.4077802983675385,-0.6690172056215457,-0.16758133447482107,-0.8771501280176109,-0.0628648657184009,-1.1954982625866593,-1.1213992671665907,-0.2863837803507072,-0.2080303242981983,-0.43427364312032235,-0.8747978124737885,0
0.9775866318521684,0.059212815379691544,-0.06598573460079403,-0.5494435842282511,1.607763982951122,-0.8874244679448245,0.4519093717306307,0.21083676598675768,-2.502043370818486,2.4186881657747348,-0.22211981520820703,0
-0.10661357440673272,1.4316463164974071,1.2547570637615562,-0.5494435842282511,2.2005677679628883,2.193313478473521,2.5228972739524833,0.10468855946527013,-0.6803271279935508,0.29725502582712804,-1.0612772402639543,0
-1.3715138150421167,-1.117158757006922,0.23880106502128676,2.1541354020339694,-1.4640374484734848,-0.9901157328254361,2.153651368905176,-0.5545476705101796,-0.07308838038524,-0.6537322438045569,0.9899964654278748,0
0.5559532183070397,-0.38892873600568506,-0.21837913441183443,0.43367604713982905,0.5299389192933651,0.24217944574190223,0.9977511444092586,1.4008140285695831,-1.0851529597324256,-1.0194965782782826,-0.9680375263688714,0
0.7366532526835236,0.22726589714920728,-0.015187934663780522,-0.057883768544211386,0.04491764064737488,0.7556357701449599,2.5228972739524833,0.6186693489376904,-0.27550129625467595,-0.7268851106993021,-0.9680375263688714,0
-0.5282469879518603,-0.22087565423616903,-0.015187934663780522,-0.38559031233357094,-0.5478861443643919,-0.16858561378054387,-0.671882513195956,-1.5825092494550201,0.2642664793971572,-0.1416621755413419,1.4561950349032906,1
0.315019839138396,-0.6129995116983735,-0.31997473428586143,0.2698227752451489,0.583830172476253,1.7825484189510752,1.3509428796719,0.8477260051155588,-0.8152690719065091,-0.9463437113835373,-1.1545169541590388,0
-0.6487136775361827,-0.7810525934678896,0.23880106502128676,-0.8771501280176109,-0.8712336634617185,1.8852396838316867,0.4519093717306307,0.23877050454503734,1.0064471709184264,0.9556308278798341,-0.5018389568934555,0
-0.28731360878321605,-0.38892873600568506,-0.06598573460079403,-0.7132968561229313,0.3682651597447015,0.7556357701449599,0.2271509947453134,0.7750982848640442,0.8040342550489904,0.6630193603008536,-1.1545169541590388,1
-0.9498804014969885,1.2916020816894769,-1.2851329330891172,-0.8771501280176109,-0.17064737208417666,-0.9901157328254361,-1.0892909275972598,-0.3981187345838259,1.6136859185267372,-0.1416621755413419,-0.4552190999459149,0
-0.046380229614571784,-1.117158757006922,0.23880106502128676,0.7613825909291886,-0.7634511570959427,-1.1954982625866593,-1.0892909275972598,-1.1076356939642038,-0.07308838038524,0.8093250940903438,2.2021127460639565,1
0.19455314955407302,-0.8370702873910617,0.4419922647693405,1.089089134718549,-0.008973612535513008,1.4744746243092406,2.3463014063211625,0.16055603658182946,-0.7477980999500284,-0.6537322438045569,-0.9680375263688714,0
-0.347546953575377,1.711734786113267,-1.3867285329631442,0.43367604713982905,-0.008973612535513008,-0.9901157328254361,-1.0250742484585975,0.43989342216468813,-0.07308838038524,-0.9463437113835373,-1.0612772402639543,0
-1.1908137806656334,1.2916020816894769,-1.3867285329631442,0.9252358628238687,-0.49399489118150397,1.0637095647867945,0.19504265517598235,-1.6327899788599485,1.3438020307008205,-0.36112077622557726,0.9899964654278748,1
-0.5884803327440218,0.11523050930286366,-1.3359307330261307,-0.8771501280176109,0.6377214256591409,-0.6820419381836015,-0.9929659088892665,-0.8785790377862733,0.2642664793971572,-0.5074265100150674,0.523797895952459,1
-1.6726805390029225,-0.22087565423616903,-1.2343351331521037,-0.8771501280176109,-2.0029499803023634,1.2690920945480175,1.3188345401025692,-2.4819756310317245,1.2763310587443428,1.2482422954588137,2.8547907433295383,1
0.07408645996975116,-1.2291941448532662,0.08640766521024622,1.252942406613229,2.2275133945543315,-0.16858561378054387,-0.6397741736266249,-0.7556705881298305,-0.6128561560370701,0.9556308278798341,1.4561950349032906,1
-0.347546953575377,1.375628622574235,0.7467790643914213,-0.7132968561229313,0.583830172476253,-0.784733203064213,1.286726200533238,-0.4539862117003852,-0.5453851840805926,-0.43427364312032235,-0.8747978124737885,0
0.19455314955407302,0.6473986015729981,-0.11678353453780754,-0.5494435842282511,0.09880889383026277,-0.784733203064213,-0.5755574944879629,0.8030320234223238,-0.2080303242981983,-0.36112077622557726,-0.4085992429983727,1
2.453303579260115,-0.8930879813142338,1.4071504635725967,0.43367604713982905,0.09880889383026277,0.9610182999061829,0.7087760882852792,1.5572429644959989,-1.0851529597324256,1.2482422954588137,-0.035640387418039696,1
-0.046380229614571784,-1.8453887780081588,0.7975768643284348,0.2698227752451489,-0.27842987844995243,1.5771658891898521,0.16293431560665128,0.004127100655475738,1.478743974613779,1.1750894285640694,-0.035640387418039696,1
0.5559532183070397,-0.9491056752374059,0.3403966648953138,-1.2048566718069709,-1.032907423010382,-1.0928069977060477,-1.0892909275972598,-0.023806637902865954,-0.7477980999500284,0.1509492920376386,0.05759932647704314,1
0.4957198735148788,-1.3972472266227822,1.0515658640135022,-0.8771501280176109,-0.7634511570959427,1.0637095647867945,0.002392617759996037,-0.007046394767848533,0.061853563527718286,2.5649938995642243,0.15083904037212598,1
-1.4317471598342775,-0.5009641238520293,-1.3867285329631442,-1.2048566718069709,-2.1107324866681387,-1.2981895274672708,-1.1213992671665907,-1.2919983684488991,1.1413891148313846,1.467700896143049,1.1764758932180406,1
0.9173532870600074,-1.2852118387764382,0.594385664580381,-1.0410033999122912,-1.032907423010382,-1.2981895274672708,-1.185615946305253,-1.0685284599826,-1.1526239316889033,-0.5805793769098126,0.9899964654278748,1
0.9775866318521684,-0.7250348995447174,1.3055548636985697,2.1541354020339694,0.8532864383906924,-0.9901157328254361,-0.8645325506119423,1.054435670446903,-0.27550129625467595,1.2482422954588137,1.1764758932180406,1
-0.6487136775361827,1.0955401529583744,-1.132739533278077,2.1541354020339694,0.2604826533789257,-1.1954982625866593,-1.1213992671665907,-0.2863837803507072,0.6690923111360321,-1.897330981015223,0.4305581820573761,0
0.6764199078913626,0.8714693772656866,-0.06598573460079403,0.10596950335046876,0.04491764064737488,0.7556357701449599,2.5228972739524833,0.6074958535143662,-0.2080303242981983,-0.7268851106993021,-0.9680375263688714,0
0.19455314955407302,-0.05282257246665268,0.5435878646433675,-1.368709943701651,0.7993951852078045,-1.0928069977060477,-0.8966408901812734,-0.029393385614497076,-0.7477980999500284,-0.9463437113835373,-0.9680375263688714,0
-0.046380229614571784,0.39531897891872364,-0.5231659340339152,-0.057883768544211386,-0.49399489118150397,-0.47665940842237847,0.8693177861319343,-0.2305163032341479,-0.7477980999500284,-1.458413779646753,-1.0612772402639543,0
-1.1908137806656334,0.39531897891872364,-0.8787505335930095,-1.2048566718069709,-1.7873849675708118,-0.37396814354176694,-0.6397741736266249,-2.040622561810819,1.6136859185267372,-1.0194965782782826,1.5494347487983735,0
0.13431980476191208,-1.3972472266227822,0.391194464832327,-1.0410033999122912,-1.08679867619327,-0.9901157328254361,-0.9929659088892665,-0.8227115606697141,-0.07308838038524,0.6630193603008536,1.269715607113125,1
-1.973847262963728,1.1795666938431326,-1.3867285329631442,-1.8602697593856912,-2.164623739851027,0.03679691598067917,0.002392617759996037,-2.3087864519703536,2.524544039939203,-0.43427364312032235,1.9223936043787064,1
0.19455314955407302,-1.2011852978916802,0.6451834645173946,-0.2217370404388908,-0.11675611890128879,-1.2981895274672708,-1.281940965013246,-0.8897525332095976,-0.27550129625467595,0.1509492920376386,1.3629553210082077,1
1.4594533901894569,2.075849796613886,0.3403966648953138,2.1541354020339694,1.66165523613401,0.7556357701449599,1.7041346149345418,2.4790563369192897,-0.6128561560370701,0.2241021589323837,-1.0612772402639543,0
0.3752531839305569,-1.3972472266227822,0.8991724642024619,-1.0410033999122912,-0.7634511570959427,-0.8874244679448245,-1.0892909275972598,-1.7724586716513466,-0.4104432401676342,-0.7268851106993021,1.7359141765885409,1
0.8571199422678455,0.7314251424577564,0.3403966648953138,0.43367604713982905,0.6916126788420288,-0.37396814354176694,1.3509428796719,0.6968838169008362,-0.34297226821115656,0.07779642514289346,-0.31535952910328985,0
0.25478649434623396,0.8994782242272721,0.18800326508427323,1.089089134718549,0.2604826533789257,0.7556357701449599,1.1261845026865829,1.9483153043119141,1.1413891148313846,0.6630193603008536,1.0832361793229577,1
0.6161865630992017,-1.4532649205459542,0.6959812644544078,-0.5494435842282511,0.5299389192933651,-0.9901157328254361,-0.9608575693199355,0.7192308077474848,-0.2080303242981983,0.37040789272187313,-0.6883183846836228,0
-1.0703470910813109,-0.38892873600568506,-0.6755593338449556,0.10596950335046876,1.7694377424997858,-0.6820419381836015,-0.2865824383639834,0.33933196335483173,2.3558666100480092,0.004643558248148351,-0.5950786707885384,0
-0.046380229614571784,0.9554959181504441,-0.21837913441183443,-0.5494435842282511,0.9610689447564682,-0.16858561378054387,1.1261845026865829,0.32815846793150744,-0.8152690719065091,0.37040789272187313,-0.9680375263688714,0
-0.347546953575377,0.8994782242272721,1.1023636639505157,-0.8771501280176109,1.8233289956826737,0.44756197550312526,2.1215430293358453,0.0488210823487108,-0.6803271279935508,0.4435607596166182,-1.0612772402639543,0
0.25478649434623396,0.5353632137266539,-0.5739637339709287,-0.5494435842282511,1.068851451122244,-0.2712768786611554,0.09871763646798919,-0.2863837803507072,-1.1526239316889033,-0.5805793769098126,0.523797895952459,0
0.07408645996975116,-1.06114106308375,0.7467790643914213,-0.38559031233357094,-0.49399489118150397,0.7556357701449599,-0.31869077793331446,-1.5601622586083717,-1.3550368475583423,0.9556308278798341,1.8291538904836235,1
1.2787533558129742,-1.6213180023154707,0.9499702641394754,-0.8771501280176109,-0.3323211316328403,-0.9901157328254361,-0.8003158714732802,0.4957608992812475,-0.4104432401676342,2.5649938995642243,0.33731846816229333,1
-0.16684691919889366,0.3393012849955515,-0.5739637339709287,-0.8771501280176109,-0.8712336634617185,-1.2981895274672708,-0.9608575693199355,-0.2863837803507072,0.7365632830925097,1.9797709644062649,0.05759932647704314,1
-0.7691803671205052,-0.1088402663898248,-0.929548333530023,-0.38559031233357094,-1.032907423010382,-1.1954982625866593,-1.185615946305253,-0.487506697970358,0.2642664793971572,-0.8000379775940472,0.05759932647704314,0
-0.4077802983675385,1.4596551634589932,-0.31997473428586143,-0.057883768544211386,0.3143739065618136,0.5502532403837368,0.7087760882852792,-0.6774561201666226,-1.2875658756018615,-1.5315666465414979,-1.1545169541590388,0
-0.7089470223283442,-0.27689334815934113,0.03560986527323299,0.7613825909291886,-0.7095599039130548,-0.9901157328254361,-0.9608575693199355,0.05999457777203507,-0.4779142121241119,-0.8731908444887923,-0.12888010131312252,0
1.338986700605135,-1.5092826144691265,1.0007680640764887,-0.7132968561229313,-0.17064737208417666,-0.9901157328254361,-0.7039908527652871,0.4957608992812475,-0.8827400438629868,2.5649938995642243,0.4305581820573761,1
0.4957198735148788,-1.2852118387764382,0.6959812644544078,-0.5494435842282511,-0.7095599039130548,-0.57935067330299,-0.7039908527652871,-0.8282983083814072,-0.27550129625467595,1.467700896143049,1.1764758932180406,1
-1.130580435873472,1.4876640104205792,-1.3867285329631442,-0.2217370404388908,-0.8712336634617185,1.2690920945480175,0.19504265517598235,-1.6383767265715796,1.2088600867878652,-0.9463437113835373,1.0832361793229577,0
-0.6487136775361827,0.1712482032260358,-0.06598573460079403,-0.5494435842282511,0.09880889383026277,-0.2712768786611554,1.7362429545038727,-0.47633320254703376,-0.34297226821115656,-0.9463437113835373,-0.5018389568934555,0
2.362953562071874,-0.27689334815934113,1.3563526636355832,0.43367604713982905,0.20659140019603855,0.34487071062251373,0.5803427300079549,1.8365803500787956,-1.42250781951482,-0.2879679093308321,0.05759932647704314,1
1.4594533901894569,-0.38892873600568506,0.594385664580381,-0.5494435842282511,-1.08679867619327,-0.8874244679448245,-0.9929659088892665,0.7750982848640442,-0.8827400438629868,-0.214815042436087,-0.8747978124737885,0
-0.7691803671205052,-0.8370702873910617,1.1023636639505157,0.2698227752451489,0.8532864383906924,1.7825484189510752,1.254617860963907,-0.2863837803507072,0.5341503672230739,0.8824779609850889,0.896756751532792,1
-0.6487136775361827,-0.05282257246665268,-1.03114393340405,-1.5325632155963311,-0.3862123848157282,-1.0928069977060477,-0.8324242110426112,0.32815846793150744,0.061853563527718286,1.1750894285640694,-0.7815580985787057,1
0.7366532526835236,-0.38892873600568506,1.1023636639505157,2.1541354020339694,-0.9251249166446064,-1.0928069977060477,-0.9287492297506044,1.1661706246800214,-0.6803271279935508,0.5898664934061085,0.523797895952459,1
0.9775866318521684,1.0675313059967884,1.4071504635725967,-1.0410033999122912,2.2275133945543315,0.8583270350255714,0.19504265517598235,0.4510669175879504,0.2642664793971572,2.1260766981957544,-0.4085992429983727,0
-0.046380229614571784,0.591380907649826,-0.8787505335930095,-0.38559031233357094,-0.4401036379986161,0.9610182999061829,0.4519093717306307,-0.1858223215408508,-0.14055935234171765,0.7361722271955987,0.4305581820573761,1
-0.4680136431596994,0.003195121456519432,-1.0819417333410635,0.43367604713982905,0.2604826533789257,0.44756197550312526,-0.06182406137866606,-0.11878134900096719,0.46667939526659313,-0.43427364312032235,0.24407875426720882,1
-0.4077802983675385,1.1515578468815466,-1.2851329330891172,0.2698227752451489,-0.5478861443643919,-0.57935067330299,-1.0250742484585975,-0.7444970927065061,1.3438020307008205,0.4435607596166182,1.1764758932180406,1
1.8810868037345856,-0.9491056752374059,2.1183196626907845,-0.38559031233357094,0.4760476661104772,-0.9901157328254361,-0.8003158714732802,1.8365803500787956,-0.9502110158194674,-0.214815042436087,-1.1545169541590388,1
1.8208534589424248,-0.8930879813142338,0.6959812644544078,-0.057883768544211386,0.3682651597447015,-0.9901157328254361,-0.9608575693199355,1.1661706246800214,-1.4899787914713005,1.1019365616693244,-1.0612772402639543,0
-0.347546953575377,0.2832835910723794,-1.3359307330261307,-0.8771501280176109,0.3682651597447015,-0.37396814354176694,-0.8966408901812734,-0.5768946613568281,0.061853563527718286,-0.6537322438045569,0.05759932647704314,1
0.7968865974756845,-1.117158757006922,1.2547570637615562,-0.2217370404388908,-0.3862123848157282,-0.2712768786611554,-0.671882513195956,-0.9065127763445531,0.33173745135363486,0.8093250940903438,1.8291538904836235,1
0.7366532526835236,1.8517790209211973,-0.06598573460079403,-0.7132968561229313,-0.11675611890128879,-0.2712768786611554,-0.5755574944879629,0.22759700912171307,-0.4104432401676342,-0.214815042436087,-0.4085992429983727,0
-0.8896470567048276,0.56337206068824,-1.03114393340405,-0.38559031233357094,0.4221564129275893,-0.47665940842237847,-0.06182406137866606,-0.7891910743998032,1.073918142874907,-0.7268851106993021,-0.035640387418039696,1
0.7366532526835236,1.4036374695358211,-0.26917693434884793,-0.7132968561229313,-0.22453862526706456,-0.9901157328254361,-0.4471241362106387,1.1661706246800214,-0.34297226821115656,-0.6537322438045569,0.15083904037212598,1
-1.3112804702499556,-1.1731764509300942,-0.11678353453780754,-0.057883768544211386,-0.5478861443643919,0.7556357701449599,0.38769269259196865,-0.21375606009913048,0.7365632830925097,2.3455352988799896,0.15083904037212598,0
2.362953562071874,-1.06114106308375,1.1531614638875292,0.10596950335046876,-0.8173424102788306,-0.57935067330299,-0.8003158714732802,1.8365803500787956,-1.2875658756018615,2.5649938995642243,-1.1545169541590388,1
1.338986700605135,-0.5569818177752014,0.391194464832327,1.5806489504025885,0.583830172476253,0.8583270350255714,0.7729927674239412,0.7080573123241606,-0.6803271279935508,0.29725502582712804,0.05759932647704314,1
1.399220045397296,-0.9491056752374059,1.5087460634466232,-0.057883768544211386,0.3143739065618136,-0.9901157328254361,-0.8324242110426112,0.026474091502062255,-1.1526239316889033,0.5167136265113633,0.6170376098475419,1
1.0378199766443292,-1.3412295326996104,0.6451834645173946,0.9252358628238687,0.9071776915735803,-0.57935067330299,-0.6397741736266249,2.1717852127781514,1.1413891148313846,1.90661809751152,-0.6883183846836228,0
-0.347546953575377,-1.6773356962386428,0.492790064706354,-0.8771501280176109,-1.8951674739365876,0.7556357701449599,0.4519093717306307,0.2164235136983888,0.6690923111360321,0.4435607596166182,1.5494347487983735,1
-0.9498804014969885,0.5073543667650678,-0.31997473428586143,-0.7132968561229313,-0.11675611890128879,-0.784733203064213,0.5161260508692929,0.16055603658182946,1.4112730026573013,-0.5074265100150674,-1.0612772402639543,1
-0.2270802639910546,-0.8930879813142338,-0.21837913441183443,-0.8771501280176109,-0.22453862526706456,0.7556357701449599,0.09871763646798919,-0.2305163032341479,-0.2080303242981983,0.1509492920376386,-1.0612772402639543,0
-0.4680136431596994,0.39531897891872364,0.23880106502128676,0.5975293190345091,1.176633957488019,-0.2712768786611554,1.6720262753652106,1.4902019919561151,0.9389761989619486,-0.214815042436087,-0.8747978124737885,0
-1.9136139181715672,-0.33291104208251326,-1.2851329330891172,-1.696416487491011,-2.2993518728082454,0.24217944574190223,-0.06182406137866606,-2.4819756310317245,2.524544039939203,-0.214815042436087,2.2021127460639565,1
-0.8294137119126661,-0.9491056752374059,-0.11678353453780754,0.10596950335046876,0.9071776915735803,-1.0928069977060477,-0.9608575693199355,-0.17464882611758856,0.6690923111360321,-0.36112077622557726,-0.31535952910328985,1
-0.10661357440673272,0.2552747441107933,-0.26917693434884793,-0.38559031233357094,-0.22453862526706456,-0.37396814354176694,0.612451069577286,-0.007046394767848533,-0.14055935234171765,-1.0194965782782826,-1.1545169541590388,0
-0.4077802983675385,-0.6690172056215457,0.2895988649583003,0.2698227752451489,-0.17064737208417666,-0.9901157328254361,-0.7360991923346181,-0.5657211659335039,-0.07308838038524,-0.5074265100150674,0.7102773237426246,0
-0.046380229614571784,-1.06114106308375,0.5435878646433675,0.2698227752451489,-0.0628648657184009,-0.37396814354176694,0.3555843530226376,0.6074958535143662,-0.07308838038524,-1.312108045857263,-1.3409963819492043,1
-0.7089470223283442,0.8994782242272721,-0.9803461334670364,-0.38559031233357094,-0.9790161698274943,2.706769802876579,0.19504265517598235,-0.35342475289059083,0.7365632830925097,-0.36112077622557726,-0.22211981520820703,1
-0.347546953575377,0.8994782242272721,-0.26917693434884793,-0.7132968561229313,0.15270014701315066,0.24217944574190223,1.5435929170878864,-0.34225125746726653,-0.005617408428759358,-1.238955178962518,-0.8747978124737885,0
-0.6487136775361827,1.711734786113267,-1.3867285329631442,-0.5494435842282511,2.2275133945543315,-1.1954982625866593,-1.1213992671665907,-0.35342475289059083,0.5341503672230739,-0.9463437113835373,-0.4085992429983727,0
-0.4680136431596994,0.56337206068824,-0.7771549337189826,2.1541354020339694,1.607763982951122,2.706769802876579,2.057326350197183,0.8868332390971628,-0.34297226821115656,0.8824779609850889,-0.9680375263688714,0
-0.347546953575377,0.1712482032260358,-0.3707725342228748,-0.5494435842282511,-0.3323211316328403,-0.6820419381836015,-0.2223657592253213,1.1103031475634622,1.1413891148313846,-0.214815042436087,-1.0612772402639543,0
-0.5884803327440218,0.6754074485345842,-1.3867285329631442,-1.8602697593856912,-0.8712336634617185,-0.06589434889993236,-0.8003158714732802,-1.1802634142157185,0.5341503672230739,-1.312108045857263,-0.4085992429983727,1
1.7606201141502626,0.7874428363809284,1.4071504635725967,-0.057883768544211386,0.15270014701315066,-0.9901157328254361,-1.0571825880279286,1.8365803500787956,-0.9502110158194674,0.4435607596166182,-0.8747978124737885,1
2.453303579260115,-1.1731764509300942,1.9151284629427312,0.43367604713982905,0.6377214256591409,-0.06589434889993236,0.034500957329327085,1.6131104416125581,-1.7598626792972172,-0.2879679093308321,0.15083904037212598,0
0.5559532183070397,-0.5569818177752014,1.1023636639505157,0.10596950335046876,0.2604826533789257,0.7556357701449599,2.2499763876131693,0.4957608992812475,-0.5453851840805926,-0.06850930864659677,-0.8747978124737885,0
-0.9498804014969885,-0.6690172056215457,0.7975768643284348,0.7613825909291886,-0.27842987844995243,0.6529445052643483,0.25925933431464443,-0.5545476705101796,0.7365632830925097,2.5649938995642243,0.15083904037212598,1
0.6764199078913626,-0.7250348995447174,0.18800326508427323,-0.2217370404388908,0.4760476661104772,-0.2712768786611554,0.5161260508692929,-0.06291387188440786,-1.6249207353842587,-0.1416621755413419,0.05759932647704314,1
0.4957198735148788,-0.8930879813142338,0.23880106502128676,-0.38559031233357094,-0.9251249166446064,-1.1954982625866593,-0.9929659088892665,-0.5322006796635931,-0.07308838038524,1.1019365616693244,0.7102773237426246,1
0.3752531839305569,-1.2291941448532662,0.4419922647693405,0.43367604713982905,-1.356254942107709,-0.57935067330299,-0.2223657592253213,-0.6104151476268009,0.6016213391795514,0.29725502582712804,1.269715607113125,0
-0.7089470223283442,-0.7810525934678896,-0.7771549337189826,-0.38559031233357094,-0.8712336634617185,-0.16858561378054387,-0.7039908527652871,-2.3423069382403265,-0.07308838038524,-0.8731908444887923,2.6683113155393725,1
1.8208534589424248,-0.9491056752374059,1.9659262628797447,0.10596950335046876,2.2275133945543315,-1.2981895274672708,-1.2177242858745838,-0.1634753306942643,-0.7477980999500284,-0.8731908444887923,1.3629553210082077,1
1.338986700605135,-0.6129995116983735,1.9659262628797447,1.0071624987712091,1.8772202488655616,-0.37396814354176694,-0.5434491549186318,0.16055603658182946,-0.4779142121241119,0.7361722271955987,1.1764758932180406,1
1.399220045397296,-1.2291941448532662,1.1023636639505157,0.2698227752451489,-0.7634511570959427,-0.9901157328254361,-0.8003158714732802,1.1103031475634622,-0.34297226821115656,1.5408537630377943,0.24407875426720882,1
-0.5884803327440218,1.1235489999199606,-0.16758133447482107,-0.7132968561229313,1.4460902234024584,0.24217944574190223,1.800459633642535,-0.007046394767848533,-0.34297226821115656,-0.43427364312032235,-1.0612772402639543,0
2.453303579260115,-1.2852118387764382,2.3723086623758523,0.43367604713982905,0.7455039320249167,-0.6820419381836015,-0.5755574944879629,1.5013754873793774,-0.7477980999500284,0.8824779609850889,0.33731846816229333,1
0.4354865287227178,-0.5009641238520293,1.1023636639505157,0.10596950335046876,-0.17064737208417666,1.0637095647867945,2.4105180854598247,0.6074958535143662,-0.5453851840805926,-0.5074265100150674,-1.1545169541590388,0
-0.9498804014969885,0.2832835910723794,-0.9803461334670364,-0.8771501280176109,0.8532864383906924,-0.06589434889993236,0.612451069577286,-0.4539862117003852,-0.2080303242981983,-0.8000379775940472,-1.1545169541590388,0
1.0378199766443292,-1.005123369160578,0.8991724642024619,0.2698227752451489,0.583830172476253,0.44756197550312526,1.3509428796719,1.3784670377229347,-1.0851529597324256,-1.604719513436243,-0.9680375263688714,0
-0.8294137119126661,2.7200532767303653,-1.0819417333410635,-0.38559031233357094,-1.08679867619327,-0.37396814354176694,-0.4792324757799697,-1.0685284599826,1.3438020307008205,-1.604719513436243,0.896756751532792,0
1.2787533558129742,-0.05282257246665268,0.8991724642024619,-0.5494435842282511,-0.0628648657184009,-0.9901157328254361,-1.0571825880279286,0.5739753672443934,-0.6128561560370701,0.8093250940903438,0.896756751532792,1
0.9775866318521684,-0.5009641238520293,0.9499702641394754,-0.2217370404388908,0.5299389192933651,-0.57935067330299,-0.1581490800866592,-0.1858223215408508,-0.8827400438629868,0.29725502582712804,1.3629553210082077,1
-0.16684691919889366,0.3393012849955515,-1.132739533278077,-0.5494435842282511,0.4221564129275893,-0.37396814354176694,-0.4471241362106387,0.3560922064897871,0.33173745135363486,-0.2879679093308321,-0.4085992429983727,0
-1.130580435873472,-0.9491056752374059,1.3055548636985697,-0.2217370404388908,2.2275133945543315,0.34487071062251373,-0.35079911750264553,-1.8506731396145546,0.3992084233101155,2.05292383130101,1.8291538904836235,1
-0.28731360878321605,-0.7810525934678896,0.7467790643914213,-0.5494435842282511,0.2604826533789257,-0.6820419381836015,-0.8003158714732802,-0.8115380652463897,0.5341503672230739,0.07779642514289346,1.0832361793229577,1
-1.6124471942107614,1.7957613269980253,-1.132739533278077,-1.5325632155963311,-1.9490587271194755,-0.37396814354176694,1.3509428796719,-2.40934791078021,1.6811568904832177,1.2482422954588137,2.2953524599590396,1
-0.16684691919889366,-0.27689334815934113,0.3403966648953138,-0.2217370404388908,-0.4401036379986161,0.03679691598067917,-0.671882513195956,-1.738938185381374,-0.2080303242981983,0.07779642514289346,1.8291538904836235,1
-0.347546953575377,0.39531897891872364,-1.3867285329631442,0.43367604713982905,-1.410146195290597,-0.8874244679448245,-1.0571825880279286,-0.18023557382921968,0.46667939526659313,-0.6537322438045569,0.33731846816229333,0
-0.4077802983675385,0.5073543667650678,0.23880106502128676,-0.2217370404388908,0.04491764064737488,-0.8874244679448245,0.25925933431464443,-0.06291387188440786,0.33173745135363486,-0.9463437113835373,-0.9680375263688714,0
-0.4680136431596994,-0.8370702873910617,1.5087460634466232,-0.057883768544211386,1.3383077170366826,-1.0928069977060477,-1.0892909275972598,-0.3701849960255462,0.33173745135363486,-0.7268851106993021,0.896756751532792,1
-1.0101137462891498,1.0955401529583744,-0.929548333530023,2.1541354020339694,1.9311115020484495,-0.6820419381836015,-0.9287492297506044,-0.09084761044268753,0.2642664793971572,-1.1658023120677727,0.33731846816229333,1
2.182253527695391,0.2832835910723794,1.9659262628797447,0.2698227752451489,-0.49399489118150397,-0.9901157328254361,-0.2865824383639834,1.389640533146259,-1.7598626792972172,-0.6537322438045569,-0.4085992429983727,0
-1.2510471254577942,-0.38892873600568506,0.08640766521024622,-0.38559031233357094,-0.3862123848157282,1.6798571540704637,1.6720262753652106,-0.5210271842402688,0.12932453548419892,-0.214815042436087,-0.5950786707885384,0
-0.5282469879518603,0.2832835910723794,-1.3867285329631442,-0.5494435842282511,-0.9251249166446064,-0.8874244679448245,-1.1213992671665907,-0.6104151476268009,0.9389761989619486,-0.5074265100150674,0.8035170376377091,1
-0.16684691919889366,1.0115136120736163,-1.3867285329631442,0.43367604713982905,-0.0628648657184009,-0.47665940842237847,-0.38290745707197654,0.4957608992812475,0.8715052270054681,-0.8731908444887923,-0.8747978124737885,0
-1.130580435873472,0.22726589714920728,-0.7771549337189826,-0.057883768544211386,2.0927852615971125,0.9610182999061829,-0.31869077793331446,-0.8506452992279937,1.073918142874907,0.4435607596166182,0.8035170376377091,1
1.0378199766443292,-1.005123369160578,1.0007680640764887,-0.5494435842282511,-1.08679867619327,-0.9901157328254361,-1.1213992671665907,-0.4819199502586649,-0.5453851840805926,-0.9463437113835373,1.4561950349032906,1
-0.8896470567048276,0.7874428363809284,-1.3867285329631442,-0.7132968561229313,-0.0628648657184009,0.6529445052643483,-0.2223657592253213,0.16614278429346058,0.6016213391795514,0.6630193603008536,-0.6883183846836228,0
-0.8896470567048276,2.159876337498644,0.08640766521024622,2.1541354020339694,-0.601777397547279,-0.06589434889993236,-0.2223657592253213,-0.5266139319519,1.478743974613779,-0.8000379775940472,0.6170376098475419,0
-0.7691803671205052,0.1712482032260358,-0.7263571337819691,-1.2048566718069709,-0.22453862526706456,0.9610182999061829,-0.12604074051732816,-0.23610305094577902,0.1967955074406766,-0.43427364312032235,-1.1545169541590388,0
-0.347546953575377,2.159876337498644,-0.7771549337189826,-0.2217370404388908,2.2275133945543315,-0.8874244679448245,-0.7360991923346181,-0.17464882611758856,0.2642664793971572,0.004643558248148351,-0.22211981520820703,1
-1.0101137462891498,1.5996993982669228,-1.2851329330891172,0.5975293190345091,-0.49399489118150397,0.1394881808612907,-0.38290745707197654,-0.6774561201666226,1.8160988343961761,1.7603123637220295,1.7359141765885409,1
0.25478649434623396,-0.6690172056215457,0.6959812644544078,2.1541354020339694,-0.17064737208417666,0.9610182999061829,-0.12604074051732816,-0.7891910743998032,-0.4779142121241119,0.8824779609850889,2.0156333182737893,1
-0.5282469879518603,0.3393012849955515,-0.9803461334670364,2.1541354020339694,0.2604826533789257,-0.9901157328254361,-0.5434491549186318,0.3840259450480668,0.46667939526659313,-1.0926494451730275,-1.3409963819492043,0
-0.6487136775361827,-0.27689334815934113,-1.03114393340405,2.1541354020339694,0.4221564129275893,-0.57935067330299,-0.8966408901812734,0.07116807319529732,0.3992084233101155,0.2241021589323837,0.7102773237426246,1
0.9173532870600074,-1.5653003083922985,1.1023636639505157,0.5975293190345091,0.3682651597447015,-0.06589434889993236,-0.4150157966413076,0.8309657619806035,0.7365632830925097,1.8334652306167747,-0.4085992429983727,1
-0.347546953575377,-0.6690172056215457,2.4739042622498792,-0.8771501280176109,2.2275133945543315,-0.784733203064213,-0.029715721809335013,0.0488210823487108,-1.6923917073407364,2.5649938995642243,-0.9680375263688714,0
1.7003867693581018,-0.7810525934678896,1.3563526636355832,0.5975293190345091,0.7455039320249167,0.5502532403837368,1.7683512940732038,1.8924478271953549,-1.2200949036453839,-1.0194965782782826,-0.8747978124737885,0
0.19455314955407302,-1.117158757006922,0.6451834645173946,0.43367604713982905,0.09880889383026277,0.03679691598067917,0.7087760882852792,0.6186693489376904,-0.07308838038524,-1.238955178962518,-0.9680375263688714,0
1.7003867693581018,-0.4449464299288572,2.321510862438839,1.4167956785079092,-0.8173424102788306,-0.9901157328254361,-0.7682075319039492,1.054435670446903,-0.9502110158194674,0.07779642514289346,0.7102773237426246,1
0.01385311517759022,0.1712482032260358,-0.26917693434884793,0.10596950335046876,0.04491764064737488,-0.57935067330299,1.286726200533238,0.8868332390971628,0.3992084233101155,-0.214815042436087,-0.8747978124737885,0
-0.7089470223283442,-1.06114106308375,0.03560986527323299,-0.5494435842282511,0.04491764064737488,1.5771658891898521,0.7087760882852792,0.12703555031191868,0.9389761989619486,-1.238955178962518,-0.9680375263688714,0
2.2424868724875524,-0.1648579603129969,1.6103416633206502,-1.5325632155963311,-0.4401036379986161,0.7556357701449599,-0.12604074051732816,0.7192308077474848,-2.6032498287532055,0.2241021589323837,0.05759932647704314,1
2.453303579260115,-0.22087565423616903,2.0167240628167584,1.089089134718549,0.6377214256591409,-0.9901157328254361,-0.9929659088892665,1.054435670446903,-1.962275595166653,2.05292383130101,1.4561950349032906,1
-0.6487136775361827,-0.9491056752374059,0.9499702641394754,-0.38559031233357094,-0.3862123848157282,0.8583270350255714,-0.06182406137866606,-0.7668440835531547,0.6016213391795514,1.467700896143049,0.523797895952459,1
-0.6487136775361827,0.7314251424577564,0.2895988649583003,0.2698227752451489,-0.7095599039130548,1.8852396838316867,1.800459633642535,-1.4372538089519287,-0.27550129625467595,0.9556308278798341,2.2021127460639565,1
0.01385311517759022,-0.5569818177752014,0.13720546514725973,1.7445022222972686,-0.11675611890128879,-0.8874244679448245,-0.38290745707197654,0.6521898352076012,0.33173745135363486,-0.2879679093308321,0.05759932647704314,0
0.01385311517759022,0.059212815379691544,0.03560986527323299,-0.7132968561229313,-0.22453862526706456,-0.47665940842237847,-0.19025741965599027,0.6074958535143662,0.5341503672230739,-0.2879679093308321,-0.4085992429983727,1
-0.8896470567048276,0.6193897546114121,-1.3867285329631442,0.5975293190345091,2.2275133945543315,-0.06589434889993236,-0.4150157966413076,-0.7444970927065061,0.8715052270054681,-0.1416621755413419,0.8035170376377091,1
-0.7089470223283442,1.0115136120736163,-1.3867285329631442,-0.7132968561229313,-0.0628648657184009,-0.16858561378054387,-0.35079911750264553,0.2722909908149481,1.073918142874907,-0.7268851106993021,-0.9680375263688714,0
0.13431980476191208,-0.38892873600568506,0.18800326508427323,-0.13981040449155108,-0.17064737208417666,1.6798571540704637,0.38769269259196865,0.7192308077474848,0.12932453548419892,-0.8000379775940472,-0.5950786707885384,0
0.9173532870600074,1.9638144087675415,-0.11678353453780754,0.2698227752451489,1.2305252106709068,1.9879309487122983,2.5228972739524833,2.395255121244389,0.6690923111360321,0.1509492920376386,0.7102773237426246,0
-0.5884803327440218,2.523991347999262,-1.132739533278077,-0.38559031233357094,-1.08679867619327,0.44756197550312526,0.09871763646798919,0.18848977514010912,-0.005617408428759358,-0.7268851106993021,-0.6883183846836228,0
1.9413201485267466,-1.2291941448532662,1.2039592638245427,-0.2217370404388908,-0.11675611890128879,-0.16858561378054387,-0.5755574944879629,0.8309657619806035,-1.8948046232101754,2.05292383130101,-0.5950786707885384,1
-0.2270802639910546,-0.1648579603129969,0.2895988649583003,-0.5494435842282511,0.15270014701315066,-0.06589434889993236,2.5228972739524833,0.0488210823487108,-0.7477980999500284,-0.7268851106993021,-0.8747978124737885,0
0.315019839138396,-1.2291941448532662,0.6451834645173946,0.7613825909291886,1.4999814765853463,-0.8874244679448245,-0.9608575693199355,-0.319904266620618,-0.005617408428759358,1.0287836947745792,1.269715607113125,1
0.01385311517759022,0.003195121456519432,-1.3867285329631442,-1.5325632155963311,-0.601777397547279,-0.9901157328254361,-1.0250742484585975,-0.43722596856542983,-0.4104432401676342,-0.06850930864659677,-0.4085992429983727,1
0.7968865974756845,-0.6690172056215457,0.492790064706354,-0.057883768544211386,0.5299389192933651,-0.57935067330299,-0.7360991923346181,0.641016339784277,-0.4779142121241119,-0.6537322438045569,0.05759932647704314,0
-1.491980504626439,2.6920444297687784,1.9659262628797447,-0.5494435842282511,-2.272406246216802,-0.06589434889993236,1.3509428796719,-1.7556984285163912,2.3558666100480092,-0.36112077622557726,0.9899964654278748,1
2.453303579260115,0.3393012849955515,0.8991724642024619,-0.057883768544211386,0.04491764064737488,-0.47665940842237847,-0.7682075319039492,1.8365803500787956,-2.0972175390796113,0.37040789272187313,-1.0612772402639543,1
0.3752531839305569,0.3393012849955515,1.1531614638875292,-0.5494435842282511,2.2275133945543315,1.166400829667406,1.1261845026865829,-0.17464882611758856,-1.8273336512536948,2.5649938995642243,-0.8747978124737885,1
-0.10661357440673272,0.7314251424577564,2.1691174626277983,-0.2217370404388908,0.9071776915735803,0.9610182999061829,2.5228972739524833,0.2722909908149481,-1.5574497634277782,-0.8731908444887923,-1.3409963819492043,0
-1.130580435873472,-0.6129995116983735,-0.929548333530023,-0.057883768544211386,-1.4640374484734848,1.8852396838316867,0.5803427300079549,0.29463798166159666,0.6690923111360321,0.2241021589323837,-0.035640387418039696,1
-0.4680136431596994,-0.6129995116983735,0.18800326508427323,-1.2048566718069709,-0.0628648657184009,-0.06589434889993236,-0.12604074051732816,0.6074958535143662,-0.005617408428759358,-0.06850930864659677,-1.3409963819492043,0
-1.1908137806656334,-0.7810525934678896,-0.5739637339709287,-1.5325632155963311,-0.0628648657184009,-0.47665940842237847,-0.7360991923346181,-0.6774561201666226,0.1967955074406766,-0.6537322438045569,-1.0612772402639543,0
0.13431980476191208,-0.8930879813142338,0.23880106502128676,-0.8771501280176109,-0.8173424102788306,1.0637095647867945,0.16293431560665128,-1.2026104050623672,0.46667939526659313,0.5167136265113633,1.269715607113125,1
-0.16684691919889366,-0.05282257246665268,-1.2343351331521037,-1.0410033999122912,-0.601777397547279,-0.57935067330299,-0.35079911750264553,-0.5377874273752242,0.1967955074406766,-0.5805793769098126,-0.4085992429983727,0
0.315019839138396,-0.8930879813142338,1.0515658640135022,-0.38559031233357094,0.8532864383906924,2.398696008234744,2.5228972739524833,0.43989342216468813,-1.8273336512536948,2.5649938995642243,-1.0612772402639543,0
1.1582866662286513,-0.7250348995447174,0.6451834645173946,0.2698227752451489,-0.7095599039130548,2.6040785379959672,0.25925933431464443,0.46224041301127466,0.46667939526659313,1.5408537630377943,0.05759932647704314,1
-0.7089470223283442,-0.5569818177752014,-0.5231659340339152,-0.8771501280176109,0.04491764064737488,1.166400829667406,0.16293431560665128,-0.20816931238749933,1.2088600867878652,-0.06850930864659677,-0.035640387418039696,0
1.6401534245659408,-1.8453887780081588,1.0515658640135022,-0.5494435842282511,2.2275133945543315,-0.9901157328254361,-0.8966408901812734,0.6633633306309255,-0.07308838038524,0.4435607596166182,0.05759932647704314,0
0.4957198735148788,-1.06114106308375,0.7467790643914213,-0.8771501280176109,-1.2484724357419332,-0.6820419381836015,-0.8966408901812734,-1.5601622586083717,-0.8827400438629868,-0.7268851106993021,0.896756751532792,0
-1.5522138494186,2.7200532767303653,-0.929548333530023,-1.368709943701651,2.2275133945543315,-0.8874244679448245,-0.8645325506119423,-1.5154682769151366,1.2763310587443428,-1.238955178962518,-0.5950786707885384,0
-0.5282469879518603,0.4513366728418957,-1.3359307330261307,-0.5494435842282511,-0.3862123848157282,-0.2712768786611554,-0.2544740987946524,0.4287199267413639,1.1413891148313846,0.004643558248148351,-0.5950786707885384,0
0.01385311517759022,-1.2852118387764382,1.1023636639505157,2.1541354020339694,0.4760476661104772,-0.47665940842237847,-0.7039908527652871,-0.9679670011728055,-0.27550129625467595,-0.06850930864659677,1.5494347487983735,1
-0.5884803327440218,0.7874428363809284,-1.132739533278077,2.072208766086629,1.3921989702195705,-0.9901157328254361,-0.8324242110426112,0.2722909908149481,0.6016213391795514,-0.1416621755413419,-0.31535952910328985,0
-0.7691803671205052,0.059212815379691544,-1.3867285329631442,-0.38559031233357094,-0.11675611890128879,2.398696008234744,0.2913676738839755,-0.6215886430500632,0.5341503672230739,1.394548029248304,0.896756751532792,1
-1.4317471598342775,0.4513366728418957,-0.9803461334670364,-0.38559031233357094,-0.5478861443643919,0.03679691598067917,-0.7039908527652871,-1.6495502219949039,1.6811568904832177,0.8824779609850889,0.6170376098475419,1
-0.8896470567048276,-0.1648579603129969,-0.8279527336559962,-1.368709943701651,-0.3323211316328403,0.03679691598067917,0.09871763646798919,-0.7053898587249643,0.33173745135363486,1.0287836947745792,-0.8747978124737885,0
0.4957198735148788,-1.3412295326996104,0.2895988649583003,-0.4675169482809114,-0.9790161698274943,-0.2712768786611554,-0.6076658340572939,-0.8674055423629491,-0.34297226821115656,1.394548029248304,1.1764758932180406,1
-0.4680136431596994,-1.2291941448532662,0.6959812644544078,0.10596950335046876,-0.8712336634617185,1.8852396838316867,0.4519093717306307,-1.0014874874427162,0.1967955074406766,1.467700896143049,0.896756751532792,1
2.453303579260115,0.8714693772656866,2.4739042622498792,2.1541354020339694,1.014960197939356,-0.9901157328254361,-0.09393240094799711,2.4790563369192897,-2.4345723988620054,0.2241021589323837,0.7102773237426246,1
2.453303579260115,0.39531897891872364,1.9151284629427312,-0.057883768544211386,-0.9790161698274943,-0.9901157328254361,-0.671882513195956,1.6689779187291176,-1.8948046232101754,-0.5805793769098126,-0.5018389568934555,0
-0.4077802983675385,-0.5569818177752014,0.6451834645173946,0.5975293190345091,0.04491764064737488,-0.9901157328254361,-1.1213992671665907,-0.7444970927065061,0.8715052270054681,-0.8000379775940472,1.6426744626934564,1
-0.6487136775361827,0.059212815379691544,-0.015187934663780522,0.43367604713982905,0.15270014701315066,-0.37396814354176694,1.0298594839785897,-0.17464882611758856,0.5341503672230739,0.4435607596166182,0.523797895952459,0
-0.28731360878321605,-0.05282257246665268,-0.11678353453780754,-0.7132968561229313,-0.008973612535513008,-0.16858561378054387,-0.2544740987946524,0.9427007162137221,0.8040342550489904,0.004643558248148351,-1.3409963819492043,1
1.0980533214364903,-1.4532649205459542,1.3563526636355832,-0.057883768544211386,-0.8712336634617185,-0.8874244679448245,-0.6397741736266249,-0.7836043266881101,-0.9502110158194674,-0.8731908444887923,1.9223936043787064,1
2.453303579260115,0.003195121456519432,2.6262976620609195,2.1541354020339694,2.0927852615971125,0.7556357701449599,0.9977511444092586,2.4790563369192897,-0.8827400438629868,0.8824779609850889,2.3885921738541223,0
-0.8294137119126661,1.3196109286510629,-0.47236813409690187,0.10596950335046876,2.2275133945543315,-1.0414613652657418,0.06660929689865813,-0.3310777620439423,0.6016213391795514,-0.36112077622557726,-0.12888010131312252,1
1.9413201485267466,-1.2011852978916802,1.3563526636355832,-0.38559031233357094,0.15270014701315066,-1.0928069977060477,-0.9929659088892665,1.1103031475634622,-2.2321594829925697,0.37040789272187313,-1.1545169541590388,1
-0.7691803671205052,0.5073543667650678,-0.9803461334670364,-0.8771501280176109,-0.27842987844995243,-0.784733203064213,-0.7039908527652871,0.6074958535143662,1.1413891148313846,-0.8731908444887923,-1.3409963819492043,0
1.2787533558129742,0.6193897546114121,-0.16758133447482107,0.7613825909291886,1.2844164638537947,1.371783359428629,0.2271509947453134,1.7248453958456769,-0.4779142121241119,0.1509492920376386,-0.5018389568934555,0
-1.130580435873472,-0.8930879813142338,-0.11678353453780754,-0.7132968561229313,-0.3862123848157282,0.5502532403837368,0.09871763646798919,0.3840259450480668,1.7486278624396954,-0.214815042436087,-0.5950786707885384,1
-1.0101137462891498,0.56337206068824,-1.3867285329631442,2.1541354020339694,0.6377214256591409,2.706769802876579,1.013805314193924,-0.6327621384733875,-0.7477980999500284,-1.458413779646753,-0.8747978124737885,0
-0.2270802639910546,0.059212815379691544,0.3403966648953138,0.2698227752451489,-0.27842987844995243,-0.784733203064213,-0.9287492297506044,-2.4372816493384897,-0.7477980999500284,0.5167136265113633,2.481831887749205,1
-0.4680136431596994,0.56337206068824,-0.015187934663780522,-0.5494435842282511,0.09880889383026277,0.1394881808612907,1.4472678983798932,-0.30873077119729375,-0.34297226821115656,-0.5074265100150674,-0.5950786707885384,1
-0.5282469879518603,-0.05282257246665268,-0.7263571337819691,0.10596950335046876,-0.17064737208417666,1.8852396838316867,0.4840177112999618,-0.8003645698230655,0.8040342550489904,-0.43427364312032235,0.33731846816229333,1
-0.2270802639910546,-1.2852118387764382,2.0675218627537717,2.1541354020339694,-1.679602461205036,2.244659110913827,2.5228972739524833,-1.9847550846942599,-2.0297465671231336,-1.0194965782782826,1.7359141765885409,1
-1.0703470910813109,1.9638144087675415,-1.2343351331521037,2.1541354020339694,-0.11675611890128879,0.7556357701449599,0.034500957329327085,-0.5545476705101796,1.8160988343961761,-1.0926494451730275,0.7102773237426246,0
-0.4680136431596994,0.6754074485345842,-0.47236813409690187,2.1541354020339694,0.3682651597447015,1.166400829667406,1.5435929170878864,1.361706794587979,0.46667939526659313,0.8824779609850889,-0.9680375263688714,0
1.4594533901894569,0.7874428363809284,-0.26917693434884793,0.5975293190345091,1.3921989702195705,0.1394881808612907,-0.38290745707197654,2.060050258545033,-0.2080303242981983,2.4186881657747348,-0.5018389568934555,1
-0.5884803327440218,0.2832835910723794,0.13720546514725973,0.10596950335046876,-0.3862123848157282,-0.06589434889993236,0.2913676738839755,0.0488210823487108,1.0064471709184264,-0.43427364312032235,-0.22211981520820703,0
-0.2270802639910546,-1.8453887780081588,0.391194464832327,-1.0410033999122912,-1.4640374484734848,-0.8874244679448245,-0.9929659088892665,-1.191436909639043,0.061853563527718286,1.1019365616693244,1.3629553210082077,1
-0.046380229614571784,2.159876337498644,-0.015187934663780522,-0.38559031233357094,0.3682651597447015,-0.8874244679448245,-0.7360991923346181,-0.2863837803507072,-0.34297226821115656,-1.312108045857263,-0.4085992429983727,0
-0.6487136775361827,-0.22087565423616903,-0.16758133447482107,-0.2217370404388908,-0.601777397547279,-1.0928069977060477,-0.31869077793331446,-0.3981187345838259,0.12932453548419892,-1.238955178962518,-0.9680375263688714,0
0.4957198735148788,1.2916020816894769,2.0675218627537717,-1.0410033999122912,2.2275133945543315,0.24217944574190223,0.5803427300079549,-0.10760785357770496,-2.6032498287532055,2.5649938995642243,-1.2477566680541214,1
1.1582866662286513,0.6473986015729981,0.4419922647693405,-0.8771501280176109,-1.5179287016563727,-1.0928069977060477,-1.0250742484585975,0.8309657619806035,-0.9502110158194674,-1.677872380330988,-0.4085992429983727,1
0.07408645996975116,1.0395224590352024,-0.3707725342228748,0.10596950335046876,-0.27842987844995243,-0.57935067330299,-0.2544740987946524,0.3560922064897871,-0.005617408428759358,-0.06850930864659677,-0.9680375263688714,0
-0.046380229614571784,-0.6129995116983735,1.1023636639505157,0.43367604713982905,0.15270014701315066,1.6798571540704637,0.2913676738839755,1.1661706246800214,0.1967955074406766,0.7361722271955987,-1.6207155236344546,1
-0.6487136775361827,0.39531897891872364,-1.1835373332150902,0.2698227752451489,-0.27842987844995243,0.24217944574190223,1.3509428796719,0.41195968360634644,1.478743974613779,-0.7268851106993021,-0.8747978124737885,0
0.07408645996975116,-0.7810525934678896,-0.8787505335930095,-1.0410033999122912,-0.3323211316328403,-0.9901157328254361,-0.671882513195956,-0.5042669411053134,-1.4899787914713005,-1.604719513436243,-0.6883183846836228,1
0.7366532526835236,-0.8930879813142338,1.2547570637615562,-0.5494435842282511,0.3682651597447015,-0.37396814354176694,0.16293431560665128,-0.32549101433231115,-0.14055935234171765,-0.5074265100150674,0.6170376098475419,1
0.7968865974756845,-0.8370702873910617,0.18800326508427323,0.2698227752451489,0.7993951852078045,0.03679691598067917,0.09871763646798919,0.8309657619806035,-0.8152690719065091,0.37040789272187313,-0.4085992429983727,1
-1.130580435873472,-0.9491056752374059,-0.31997473428586143,-0.2217370404388908,-1.8412762207536997,1.0637095647867945,0.06660929689865813,-0.057327124172776744,1.073918142874907,0.8824779609850889,-0.6883183846836228,1
-0.6487136775361827,0.6473986015729981,-1.3867285329631442,-0.7132968561229313,0.8532864383906924,-0.06589434889993236,-0.2223657592253213,0.020887343790431133,0.3992084233101155,-0.5074265100150674,-1.1545169541590388,1
-0.7089470223283442,1.0395224590352024,-1.3867285329631442,0.02404286740312905,-0.5478861443643919,0.5502532403837368,0.034500957329327085,-0.2193428078108236,-0.14055935234171765,-1.458413779646753,-0.9680375263688714,0
-1.2510471254577942,0.39531897891872364,-0.9803461334670364,-0.5494435842282511,0.4760476661104772,1.6798571540704637,-0.06182406137866606,-1.0126609828660407,0.9389761989619486,-0.5074265100150674,0.05759932647704314,0
2.453303579260115,0.6473986015729981,1.1023636639505157,2.1541354020339694,0.7455039320249167,-0.57935067330299,-0.7360991923346181,2.4790563369192897,-2.6032498287532055,0.6630193603008536,0.6170376098475419,0
-0.16684691919889366,0.39531897891872364,-0.9803461334670364,0.43367604713982905,-1.356254942107709,-1.2981895274672708,-1.249832625443915,-2.152357516044,-0.6128561560370701,-2.0436367148047134,2.3885921738541223,0
-0.7691803671205052,0.5073543667650678,-0.47236813409690187,-1.368709943701651,-1.032907423010382,-0.8874244679448245,0.13082597603732024,-0.9009260286329219,-1.5574497634277782,-0.36112077622557726,-1.0612772402639543,0
-1.3715138150421167,-1.2291941448532662,1.0007680640764887,2.072208766086629,-0.7634511570959427,0.24217944574190223,-0.12604074051732816,-0.6830428678783157,0.5341503672230739,0.07779642514289346,0.523797895952459,1
-0.7089470223283442,0.8714693772656866,0.391194464832327,-0.5494435842282511,0.3682651597447015,-0.6820419381836015,1.4793762379492243,-0.2305163032341479,-0.2080303242981983,-0.214815042436087,-0.9680375263688714,0
-0.7089470223283442,1.2635932347278909,-0.6247615339079422,-0.8771501280176109,1.3921989702195705,0.44756197550312526,1.222509521394576,-0.43722596856542983,-0.8152690719065091,-1.0926494451730275,-0.8747978124737885,0
1.519686734981619,-1.3412295326996104,0.7467790643914213,-1.2048566718069709,0.15270014701315066,0.34487071062251373,-0.6076658340572939,-0.7053898587249643,-0.2080303242981983,0.5898664934061085,1.3629553210082077,1
0.4957198735148788,-1.5653003083922985,0.3403966648953138,-0.5494435842282511,-0.5478861443643919,2.706769802876579,0.676667748715948,0.5460416286861136,0.8715052270054681,1.5408537630377943,-0.22211981520820703,1
1.5799200797737798,0.003195121456519432,1.1023636639505157,2.1541354020339694,1.9850027552313365,-0.57935067330299,-0.9287492297506044,1.9483153043119141,-1.6249207353842587,-0.6537322438045569,1.1764758932180406,1
-0.046380229614571784,-1.117158757006922,0.594385664580381,0.2698227752451489,-0.3862123848157282,1.371783359428629,0.06660929689865813,-0.8003645698230655,0.061853563527718286,1.6871594968272845,1.8291538904836235,1
1.0980533214364903,-0.5569818177752014,0.6451834645173946,0.43367604713982905,0.583830172476253,-0.2712768786611554,0.19504265517598235,0.9091802299438113,-0.6128561560370701,-0.06850930864659677,-0.4085992429983727,1
2.182253527695391,-0.8930879813142338,2.1183196626907845,-0.057883768544211386,-0.17064737208417666,-0.37396814354176694,-0.7039908527652871,-0.5098536888169446,-2.0972175390796113,0.004643558248148351,2.2021127460639565,1
0.8571199422678455,-0.6129995116983735,0.9499702641394754,-0.38559031233357094,-0.3862123848157282,-1.0928069977060477,-0.9608575693199355,-0.12436809671266034,-0.27550129625467595,0.6630193603008536,1.7359141765885409,1
0.25478649434623396,0.56337206068824,0.03560986527323299,0.5975293190345091,0.7993951852078045,0.1394881808612907,0.7408844278546102,0.350505458778156,-0.34297226821115656,-0.1416621755413419,-0.22211981520820703,1
0.9775866318521684,-0.1648579603129969,1.1531614638875292,2.1541354020339694,2.2275133945543315,2.706769802876579,1.1582928422559138,2.4790563369192897,-1.017681987775945,0.7361722271955987,-1.5274758097393701,0
-0.6487136775361827,0.2832835910723794,-1.2343351331521037,-0.057883768544211386,-0.22453862526706456,-0.8874244679448245,-0.5755574944879629,-0.5768946613568281,0.2642664793971572,-0.9463437113835373,-0.4085992429983727,0
1.1582866662286513,-0.9491056752374059,1.8643306630057177,0.9252358628238687,2.2005677679628883,-0.57935067330299,-0.1581490800866592,0.7192308077474848,-0.5453851840805926,0.07779642514289346,1.9223936043787064,1
-0.28731360878321605,1.627708245228509,0.08640766521024622,2.1541354020339694,0.09880889383026277,0.5502532403837368,0.5803427300079549,-0.1634753306942643,-1.017681987775945,-0.8731908444887923,-0.9680375263688714,0
-0.347546953575377,-0.22087565423616903,-0.06598573460079403,-0.7132968561229313,-1.032907423010382,-0.6820419381836015,-0.4792324757799697,-0.06291387188440786,0.5341503672230739,-0.06850930864659677,-0.7815580985787057,0
1.2185200110208132,-1.1731764509300942,0.8991724642024619,2.1541354020339694,-0.4401036379986161,-1.0928069977060477,-1.0571825880279286,0.4957608992812475,-0.5453851840805926,1.2482422954588137,2.0156333182737893,1
0.25478649434623396,0.8994782242272721,-1.3867285329631442,1.4167956785079092,0.15270014701315066,-0.2712768786611554,-0.4150157966413076,1.389640533146259,0.33173745135363486,-1.458413779646753,-0.9680375263688714,0
-0.4680136431596994,0.11523050930286366,-0.16758133447482107,-0.5494435842282511,-0.17064737208417666,-0.57935067330299,-0.5755574944879629,0.8868332390971628,0.9389761989619486,0.9556308278798341,-0.8747978124737885,1
-1.491980504626439,0.4513366728418957,-0.8279527336559962,-0.8771501280176109,-0.8173424102788306,0.24217944574190223,-0.5755574944879629,-1.0517682168476445,1.6136859185267372,0.07779642514289346,0.4305581820573761,1
-0.10661357440673272,0.08722166234127761,-0.47236813409690187,-0.7132968561229313,-0.0628648657184009,-0.2712768786611554,-0.35079911750264553,0.2722909908149481,-0.07308838038524,-0.43427364312032235,-1.3409963819492043,1
0.6161865630992017,-0.6690172056215457,0.594385664580381,-0.2217370404388908,-0.9251249166446064,-0.37396814354176694,-0.4792324757799697,0.9427007162137221,-0.34297226821115656,0.004643558248148351,-0.22211981520820703,0
-0.7691803671205052,1.5436817043437514,-1.3867285329631442,0.2698227752451489,-0.7095599039130548,-0.8874244679448245,-0.8324242110426112,0.10468855946527013,1.1413891148313846,-0.6537322438045569,-0.7815580985787057,0
-0.28731360878321605,-0.5569818177752014,2.1691174626277983,-0.7132968561229313,2.2275133945543315,0.6529445052643483,0.676667748715948,0.3840259450480668,-1.2200949036453839,2.5649938995642243,-0.9680375263688714,0
-0.6487136775361827,-0.8370702873910617,0.18800326508427323,-0.5494435842282511,-1.356254942107709,-0.06589434889993236,-0.5434491549186318,-1.113222441675835,-0.5453851840805926,0.8093250940903438,0.8035170376377091,1
-0.046380229614571784,2.7200532767303653,-1.3867285329631442,-1.0410033999122912,-0.008973612535513008,-1.2981895274672708,-1.0892909275972598,-0.17464882611758856,1.478743974613779,-1.1658023120677727,0.4305581820573761,0
-0.28731360878321605,1.1515578468815466,-0.9803461334670364,0.10596950335046876,0.583830172476253,-0.57935067330299,-0.1581490800866592,0.3840259450480668,-0.4779142121241119,0.4435607596166182,-0.5950786707885384,1
0.315019839138396,-0.4449464299288572,0.7975768643284348,-1.5325632155963311,-0.27842987844995243,-0.37396814354176694,-0.8003158714732802,-0.6718693724549915,-0.6803271279935508,0.7361722271955987,-0.22211981520820703,1
-1.3112804702499556,0.9835047651120302,-0.8787505335930095,0.7613825909291886,-0.008973612535513008,-0.2712768786611554,-0.5755574944879629,-0.22492955552245475,1.9510407783091344,0.07779642514289346,-0.22211981520820703,0
0.07408645996975116,0.5073543667650678,-0.929548333530023,-0.2217370404388908,0.15270014701315066,-0.47665940842237847,1.9931096710585212,-0.17464882611758856,-1.0851529597324256,0.07779642514289346,-0.5950786707885384,0
-1.0101137462891498,0.4513366728418957,-1.3359307330261307,-0.7132968561229313,-0.0628648657184009,-0.784733203064213,-0.671882513195956,0.4175464313180396,2.524544039939203,0.5898664934061085,0.05759932647704314,0
1.7003867693581018,-1.2291941448532662,1.3055548636985697,-0.2217370404388908,-1.1406899293761579,-1.2981895274672708,-1.1535076067359218,-0.5545476705101796,-1.962275595166653,1.321395162353559,0.4305581820573761,1
0.3752531839305569,0.4513366728418957,1.1023636639505157,-0.5494435842282511,2.2275133945543315,0.7556357701449599,2.057326350197183,0.2722909908149481,-1.2875658756018615,2.5649938995642243,-1.0612772402639543,0
-0.5884803327440218,-0.8370702873910617,-0.31997473428586143,-0.5494435842282511,-0.0628648657184009,-0.8874244679448245,-0.35079911750264553,-0.34225125746726653,0.12932453548419892,-1.312108045857263,-0.8747978124737885,0
-0.28731360878321605,0.08722166234127761,-0.7771549337189826,0.2698227752451489,-0.7095599039130548,-0.47665940842237847,-0.35079911750264553,-0.3981187345838259,0.1967955074406766,-0.2879679093308321,1.0832361793229577,1
-0.5884803327440218,0.7874428363809284,-0.06598573460079403,-0.8771501280176109,2.2275133945543315,0.03679691598067917,0.16293431560665128,0.10468855946527013,-1.017681987775945,2.5649938995642243,-0.9680375263688714,0
-0.5282469879518603,0.39531897891872364,-0.06598573460079403,2.1541354020339694,-0.601777397547279,2.09062221359291,2.4105180854598247,0.8309657619806035,0.3992084233101155,-1.1658023120677727,-0.9680375263688714,0
2.061786838111068,-0.4449464299288572,1.8135328630687042,-0.2217370404388908,-0.4401036379986161,-0.8874244679448245,-0.7360991923346181,1.6913249095757041,-0.6803271279935508,0.29725502582712804,0.4305581820573761,1
-0.4680136431596994,1.347619775612649,-0.3707725342228748,2.1541354020339694,0.9071776915735803,1.4744746243092406,1.4793762379492243,1.2332115972199051,-0.7477980999500284,-0.5074265100150674,-1.1545169541590388,0
-0.4077802983675385,0.059212815379691544,-0.7263571337819691,0.2698227752451489,0.8532864383906924,0.8583270350255714,0.644559409146617,0.6354295920726458,0.5341503672230739,-0.2879679093308321,-0.9680375263688714,0
0.4957198735148788,-1.733353390161815,-0.16758133447482107,-0.38559031233357094,-0.17064737208417666,-1.5035720572284939,-0.5755574944879629,1.2779055789131402,0.6690923111360321,1.6140066299325393,-0.12888010131312252,1
0.07408645996975116,1.2075755408047186,-0.8279527336559962,-0.7132968561229313,0.4760476661104772,0.03679691598067917,0.5482343904386239,-0.11878134900096719,-0.8152690719065091,1.2482422954588137,-0.7815580985787057,0
-0.5282469879518603,-0.9491056752374059,0.13720546514725973,-0.8771501280176109,-0.3862123848157282,0.1394881808612907,-0.7039908527652871,-1.409320070393649,-0.4779142121241119,0.37040789272187313,0.896756751532792,1
-0.2270802639910546,-1.005123369160578,0.9499702641394754,2.072208766086629,-0.17064737208417666,-0.06589434889993236,-0.2865824383639834,0.32815846793150744,0.2642664793971572,1.5408537630377943,2.2021127460639565,1
-0.347546953575377,-1.3972472266227822,0.13720546514725973,-0.5494435842282511,-1.032907423010382,0.24217944574190223,-0.38290745707197654,-0.8450585515163626,-0.2080303242981983,1.8334652306167747,0.8035170376377091,1
0.4354865287227178,-0.38892873600568506,-0.21837913441183443,0.7613825909291886,0.583830172476253,1.2690920945480175,1.864676312781197,0.8868332390971628,-1.42250781951482,-0.6537322438045569,-1.1545169541590388,0
1.1582866662286513,-1.3412295326996104,1.9151284629427312,0.10596950335046876,-0.3323211316328403,-0.9901157328254361,-0.9287492297506044,-0.5936549044917836,-0.6128561560370701,-0.1416621755413419,1.269715607113125,1
0.6764199078913626,0.3393012849955515,-0.6755593338449556,-0.5494435842282511,0.15270014701315066,0.9610182999061829,0.06660929689865813,0.7750982848640442,-1.1526239316889033,-0.6537322438045569,-0.6883183846836228,0
-1.1908137806656334,0.8434605303041005,-1.3359307330261307,2.1541354020339694,1.176633957488019,1.6798571540704637,0.25925933431464443,-0.47633320254703376,1.3438020307008205,0.07779642514289346,0.8035170376377091,1
-0.6487136775361827,0.4513366728418957,-0.9803461334670364,2.1541354020339694,0.04491764064737488,1.0637095647867945,1.9931096710585212,-0.1690620784058954,-0.4104432401676342,-1.0194965782782826,-0.9680375263688714,0
1.7003867693581018,-0.6129995116983735,1.0007680640764887,0.5156026830871687,0.20659140019603855,-0.6820419381836015,-0.38290745707197654,0.3616789542014803,-0.4779142121241119,0.8824779609850889,1.5494347487983735,1
-0.8294137119126661,-0.6690172056215457,0.2895988649583003,-0.2217370404388908,-0.008973612535513008,0.6529445052643483,-0.31869077793331446,-1.0126609828660407,0.6690923111360321,0.7361722271955987,0.6170376098475419,1
-0.4077802983675385,-0.22087565423616903,0.2895988649583003,-0.7132968561229313,-0.3862123848157282,1.166400829667406,1.254617860963907,0.19407652285174026,0.6690923111360321,-0.5074265100150674,-1.3409963819492043,0
2.453303579260115,-0.38892873600568506,1.1023636639505157,2.1541354020339694,-0.601777397547279,1.0637095647867945,0.09871763646798919,0.7750982848640442,-1.7598626792972172,-0.5805793769098126,-0.7815580985787057,0
-0.9498804014969885,0.7874428363809284,-1.2851329330891172,-0.7132968561229313,-1.08679867619327,1.0637095647867945,-0.12604074051732816,-1.0182477305776716,0.5341503672230739,1.2482422954588137,0.4305581820573761,1
-0.9498804014969885,2.7200532767303653,-0.9803461334670364,-0.057883768544211386,-0.7634511570959427,0.34487071062251373,-0.4471241362106387,-0.12995484442429148,1.4112730026573013,-0.5805793769098126,0.523797895952459,0
1.2787533558129742,-0.5569818177752014,1.1531614638875292,-0.057883768544211386,-0.7095599039130548,-0.2712768786611554,-0.8645325506119423,-0.3981187345838259,-1.42250781951482,1.6140066299325393,0.896756751532792,1
1.1582866662286513,0.059212815379691544,0.492790064706354,2.1541354020339694,2.2275133945543315,2.706769802876579,1.5757012566572175,2.4790563369192897,-0.8827400438629868,0.8824779609850889,-1.3409963819492043,1
0.07408645996975116,0.39531897891872364,-0.8787505335930095,-0.2217370404388908,0.20659140019603855,-0.16858561378054387,2.089434689766514,-0.17464882611758856,-1.0851529597324256,0.07779642514289346,-0.5950786707885384,0
0.07408645996975116,-0.05282257246665268,-0.26917693434884793,0.5975293190345091,0.15270014701315066,-1.1954982625866593,-0.8966408901812734,0.05999457777203507,-0.34297226821115656,-0.5805793769098126,-0.5018389568934555,1
1.2787533558129742,0.2552747441107933,1.7119372631946772,0.43367604713982905,-0.27842987844995243,-0.47665940842237847,-0.7039908527652871,1.8365803500787956,-1.017681987775945,0.29725502582712804,-1.3409963819492043,0
0.3752531839305569,-1.2291941448532662,1.5087460634466232,-0.5494435842282511,1.607763982951122,1.0637095647867945,1.254617860963907,0.2164235136983888,-0.34297226821115656,-0.8731908444887923,-0.6883183846836228,0
1.338986700605135,-1.3972472266227822,1.2039592638245427,-1.0410033999122912,-0.0628648657184009,-0.57935067330299,-0.7039908527652871,0.8309657619806035,-0.7477980999500284,1.7603123637220295,-0.9680375263688714,1
2.061786838111068,-1.3972472266227822,1.0007680640764887,-1.0410033999122912,-1.4640374484734848,0.1394881808612907,-0.4471241362106387,0.08234156861862159,-1.0851529597324256,0.1509492920376386,0.15083904037212598,1
-0.6487136775361827,0.22726589714920728,-1.132739533278077,-0.057883768544211386,-0.008973612535513008,0.03679691598067917,-0.31869077793331446,-0.5992416522034767,0.46667939526659313,-0.36112077622557726,-0.12888010131312252,1
2.0015534933189074,-0.6690172056215457,1.5595438633836367,0.7613825909291886,0.7993951852078045,0.9610182999061829,1.7683512940732038,1.9706622951585626,-1.2200949036453839,-0.8731908444887923,-0.4085992429983727,0
-1.2510471254577942,0.2832835910723794,-1.3867285329631442,-1.2048566718069709,-0.8712336634617185,-0.784733203064213,-0.8966408901812734,-0.06291387188440786,1.6811568904832177,1.394548029248304,-0.9680375263688714,0
0.8571199422678455,-1.2291941448532662,1.0007680640764887,-1.2048566718069709,-1.032907423010382,-0.2712768786611554,-0.4150157966413076,0.8868332390971628,-0.27550129625467595,0.07779642514289346,-0.4085992429983727,1
-0.046380229614571784,2.6360267358456064,-0.929548333530023,-0.057883768544211386,-0.8712336634617185,-0.8874244679448245,-0.2865824383639834,0.07675482090699047,0.061853563527718286,-0.7268851106993021,-1.3409963819492043,1
0.9173532870600074,-0.1088402663898248,-0.4215703341598883,1.4167956785079092,-0.008973612535513008,-0.784733203064213,-0.5113408153493008,0.9427007162137221,-0.5453851840805926,-0.5074265100150674,0.05759932647704314,1
1.0378199766443292,0.3393012849955515,0.18800326508427323,-0.2217370404388908,0.4760476661104772,1.0637095647867945,0.5161260508692929,1.5013754873793774,-0.8827400438629868,-0.1416621755413419,-0.22211981520820703,1
-0.9498804014969885,0.1712482032260358,-0.929548333530023,0.9252358628238687,-0.11675611890128879,-0.8874244679448245,-0.7682075319039492,-0.012633142479541682,1.0064471709184264,-0.2879679093308321,-0.22211981520820703,0
0.19455314955407302,1.0955401529583744,-0.16758133447482107,2.1541354020339694,1.9311115020484495,1.5771658891898521,2.5228972739524833,2.4790563369192897,0.061853563527718286,2.5649938995642243,-1.0612772402639543,0
1.338986700605135,-0.9491056752374059,1.0007680640764887,-0.2217370404388908,-0.3862123848157282,-0.6820419381836015,-0.7360991923346181,-0.1858223215408508,-0.5453851840805926,0.8093250940903438,1.4561950349032906,1
-1.130580435873472,1.4596551634589932,-1.1835373332150902,-0.2217370404388908,-1.08679867619327,-0.47665940842237847,-0.9287492297506044,-0.46515970712370946,1.478743974613779,0.004643558248148351,-0.035640387418039696,1
-0.4680136431596994,-0.05282257246665268,0.6451834645173946,-0.2217370404388908,-1.1406899293761579,-0.37396814354176694,-0.8324242110426112,-1.1020489462525727,-0.34297226821115656,-0.06850930864659677,1.269715607113125,1
-1.3715138150421167,0.059212815379691544,-1.0819417333410635,-0.8771501280176109,-1.679602461205036,2.296004743354133,1.3830512192412312,-2.4316949016267966,-0.07308838038524,-1.0926494451730275,0.10421918342458539,1
-1.3112804702499556,-0.8370702873910617,-0.6247615339079422,-0.8771501280176109,-0.49399489118150397,-0.9901157328254361,-0.8645325506119423,-0.6774561201666226,0.7365632830925097,-0.5805793769098126,-0.9680375263688714,0
-0.6487136775361827,0.22726589714920728,-1.0819417333410635,-1.2048566718069709,-0.27842987844995243,-0.6820419381836015,-0.6076658340572939,0.2722909908149481,0.33173745135363486,0.37040789272187313,-0.7815580985787057,1
-1.0101137462891498,-0.1648579603129969,-1.1835373332150902,-0.38559031233357094,-0.7095599039130548,-0.9901157328254361,-1.0250742484585975,-0.6774561201666226,0.5341503672230739,-0.06850930864659677,-0.9680375263688714,1
-0.8294137119126661,-0.1088402663898248,-0.21837913441183443,-0.5494435842282511,-0.49399489118150397,-0.2712768786611554,-0.7682075319039492,-1.3031718638721614,0.6016213391795514,1.394548029248304,0.7102773237426246,1
-0.16684691919889366,1.0395224590352024,-0.26917693434884793,-0.057883768544211386,-0.3323211316328403,-0.2712768786611554,1.1261845026865829,0.09351506404194586,-0.4779142121241119,-0.8000379775940472,-0.8747978124737885,1
-1.4317471598342775,0.6473986015729981,-0.7771549337189826,-0.5494435842282511,-0.3323211316328403,1.6798571540704637,-0.06182406137866606,-0.6942163633016399,1.7486278624396954,0.4435607596166182,-0.22211981520820703,0
-1.0703470910813109,0.4793455198034818,-1.3867285329631442,-0.7132968561229313,-0.8712336634617185,-0.6820419381836015,-0.8966408901812734,0.2722909908149481,1.0064471709184264,0.004643558248148351,-1.1545169541590388,0
-1.130580435873472,0.8994782242272721,-1.3867285329631442,-1.1229300358596312,-1.410146195290597,-0.8874244679448245,-1.0892909275972598,-2.4819756310317245,1.073918142874907,-0.8731908444887923,2.2953524599590396,1
1.399220045397296,-0.27689334815934113,1.8643306630057177,-0.2217370404388908,1.607763982951122,-0.9901157328254361,-0.8324242110426112,0.16055603658182946,-0.34297226821115656,0.07779642514289346,1.1764758932180406,1
-0.046380229614571784,-0.7810525934678896,1.1023636639505157,-0.057883768544211386,0.9610689447564682,2.706769802876579,2.5228972739524833,0.6633633306309255,0.46667939526659313,2.49184103266948,-0.5950786707885384,0
-0.4680136431596994,-0.5569818177752014,0.13720546514725973,-0.2217370404388908,-1.032907423010382,-0.9901157328254361,-1.0892909275972598,-0.9847272443077609,0.8715052270054681,0.5167136265113633,0.9899964654278748,1
0.07408645996975116,-1.5653003083922985,0.594385664580381,-0.5494435842282511,-2.164623739851027,-1.1954982625866593,-1.1535076067359218,-1.5936827448783444,-0.27550129625467595,0.4435607596166182,1.9223936043787064,1
-0.4077802983675385,0.7594339894193424,-0.8787505335930095,-1.368709943701651,-0.8173424102788306,1.166400829667406,0.2913676738839755,-0.09084761044268753,0.5341503672230739,-1.0194965782782826,-1.0612772402639543,0
-0.5282469879518603,0.7314251424577564,-1.3867285329631442,-0.8771501280176109,-0.3323211316328403,-0.2712768786611554,-0.19025741965599027,0.6074958535143662,1.3438020307008205,-0.6537322438045569,-0.9680375263688714,0
-0.7691803671205052,0.8714693772656866,-1.3867285329631442,-0.7132968561229313,0.9610689447564682,-0.6820419381836015,-0.7682075319039492,-0.3645982483139151,0.1967955074406766,-0.36112077622557726,-0.6883183846836228,0
-0.28731360878321605,0.6193897546114121,-0.8787505335930095,2.1541354020339694,1.8233289956826737,-1.0928069977060477,-1.1213992671665907,0.9427007162137221,0.3992084233101155,0.29725502582712804,-0.31535952910328985,1
0.8571199422678455,0.11523050930286366,-0.5231659340339152,0.9252358628238687,0.3143739065618136,0.44756197550312526,0.2271509947453134,2.060050258545033,-1.1526239316889033,-0.2879679093308321,-0.9680375263688714,0
-0.8294137119126661,0.56337206068824,-1.3359307330261307,0.10596950335046876,-0.27842987844995243,-0.16858561378054387,-0.2223657592253213,-0.8338850560930383,0.1967955074406766,-0.8731908444887923,0.33731846816229333,1
-0.8294137119126661,1.3196109286510629,-1.2851329330891172,-0.057883768544211386,-0.9790161698274943,1.9879309487122983,0.5482343904386239,0.43989342216468813,1.7486278624396954,0.9556308278798341,-0.5018389568934555,0
0.9173532870600074,-0.1648579603129969,1.1023636639505157,0.43367604713982905,2.2275133945543315,-1.0928069977060477,-0.8324242110426112,1.2779055789131402,-0.005617408428759358,1.0287836947745792,0.24407875426720882,1
-0.4077802983675385,-0.9491056752374059,0.18800326508427323,-1.0410033999122912,-0.11675611890128879,1.0637095647867945,0.612451069577286,0.2499439999683616,1.0064471709184264,-0.214815042436087,-0.8747978124737885,1
1.9413201485267466,-1.957424165854503,1.2039592638245427,2.1541354020339694,1.2305252106709068,-1.1954982625866593,-0.7360991923346181,1.6131104416125581,-0.2080303242981983,2.3455352988799896,-0.31535952910328985,1
1.0378199766443292,-0.5009641238520293,1.1023636639505157,0.5975293190345091,-0.22453862526706456,-0.47665940842237847,-0.8645325506119423,-0.2305163032341479,-0.5453851840805926,-0.1416621755413419,1.0832361793229577,1
0.7968865974756845,-0.6129995116983735,0.391194464832327,-0.38559031233357094,0.09880889383026277,0.1394881808612907,-0.2544740987946524,-0.275210284927383,-0.5453851840805926,0.07779642514289346,0.6170376098475419,1
2.0015534933189074,-0.3049021951209272,0.6451834645173946,-1.5325632155963311,0.5299389192933651,-0.9901157328254361,-0.5755574944879629,0.182903027428478,-1.6249207353842587,0.004643558248148351,-0.37751933836670987,1
-0.8294137119126661,0.591380907649826,-0.5231659340339152,0.10596950335046876,2.2275133945543315,-0.9901157328254361,-0.8966408901812734,-0.34225125746726653,0.6016213391795514,-0.43427364312032235,-0.12888010131312252,1
-0.5282469879518603,0.5073543667650678,-1.132739533278077,-0.7132968561229313,-0.7095599039130548,0.8583270350255714,-0.12604074051732816,-0.34225125746726653,0.7365632830925097,-0.5805793769098126,0.9899964654278748,1
0.07408645996975116,2.7200532767303653,-0.6247615339079422,2.1541354020339694,-0.4401036379986161,-0.47665940842237847,0.25925933431464443,1.2779055789131402,0.3992084233101155,-1.1658023120677727,-0.5018389568934555,0
-0.5282469879518603,0.9554959181504441,-1.3867285329631442,-0.7132968561229313,-0.27842987844995243,-0.47665940842237847,-0.38290745707197654,0.6074958535143662,1.3438020307008205,-0.6537322438045569,-0.9680375263688714,0
1.399220045397296,-0.5009641238520293,2.0675218627537717,2.1541354020339694,1.7694377424997858,-0.9901157328254361,-0.7039908527652871,0.16055603658182946,-1.6923917073407364,0.07779642514289346,2.761551029434455,1
-0.8294137119126661,-0.1648579603129969,-1.1835373332150902,-1.368709943701651,0.20659140019603855,0.34487071062251373,0.09871763646798919,-0.5098536888169446,0.2642664793971572,0.9556308278798341,-0.8747978124737885,0
0.19455314955407302,-0.33291104208251326,-0.015187934663780522,-0.057883768544211386,-1.410146195290597,-0.16858561378054387,-0.5755574944879629,-0.8674055423629491,-0.8827400438629868,1.1019365616693244,0.7102773237426246,0
-0.28731360878321605,-1.1731764509300942,0.8483746642654483,0.5975293190345091,1.2305252106709068,-0.784733203064213,-0.9287492297506044,0.33933196335483173,0.12932453548419892,0.9556308278798341,0.523797895952459,1
-0.28731360878321605,0.9554959181504441,-1.0819417333410635,-0.7132968561229313,-0.11675611890128879,0.44756197550312526,-0.35079911750264553,-0.24168979865741014,0.6016213391795514,0.29725502582712804,0.4305581820573761,0
-0.9498804014969885,0.059212815379691544,-0.7263571337819691,-0.5494435842282511,-0.27842987844995243,-0.06589434889993236,-0.31869077793331446,0.32815846793150744,2.018511750265612,-0.06850930864659677,-0.5950786707885384,0
-1.973847262963728,2.7200532767303653,-0.16758133447482107,-1.2048566718069709,-1.679602461205036,1.6798571540704637,1.6078095962265486,-1.8506731396145546,2.524544039939203,-0.214815042436087,0.9899964654278748,0
-0.046380229614571784,-1.6773356962386428,0.7467790643914213,-0.7132968561229313,-0.6556686507301669,-0.6820419381836015,-0.9287492297506044,-1.6495502219949039,-0.6803271279935508,-0.8000379775940472,1.7359141765885409,1
-0.4077802983675385,0.56337206068824,-1.2343351331521037,-0.5494435842282511,-0.0628648657184009,1.166400829667406,-0.09393240094799711,-0.5210271842402688,0.8715052270054681,-0.06850930864659677,0.4305581820573761,1
0.4957198735148788,-0.05282257246665268,0.2895988649583003,-1.696416487491011,-0.601777397547279,-0.6820419381836015,-0.5113408153493008,0.6074958535143662,-0.4779142121241119,-0.36112077622557726,-1.0612772402639543,0
1.0980533214364903,-1.2291941448532662,0.391194464832327,-1.2048566718069709,-0.3323211316328403,-0.6820419381836015,-0.5755574944879629,0.004127100655475738,-0.4779142121241119,1.321395162353559,0.7102773237426246,1
0.01385311517759022,2.7200532767303653,-1.2851329330891172,1.7445022222972686,0.15270014701315066,-0.9901157328254361,-1.1213992671665907,1.2332115972199051,1.1413891148313846,-1.1658023120677727,0.523797895952459,0
1.0378199766443292,0.1712482032260358,-0.16758133447482107,-0.2217370404388908,-0.11675611890128879,0.34487071062251373,0.38769269259196865,1.3337730560296994,-0.8827400438629868,-0.6537322438045569,-0.31535952910328985,1
-0.347546953575377,-0.1088402663898248,0.03560986527323299,-0.38559031233357094,0.3143739065618136,0.7556357701449599,0.25925933431464443,0.7192308077474848,0.7365632830925097,0.6630193603008536,-1.1545169541590388,0
-0.7089470223283442,0.7874428363809284,-1.3867285329631442,-0.057883768544211386,0.09880889383026277,0.24217944574190223,-0.6076658340572939,0.5404548809744826,0.8715052270054681,-0.8000379775940472,-0.9680375263688714,0
-0.9498804014969885,1.8237701739596113,-1.2851329330891172,-0.7132968561229313,-0.9251249166446064,1.371783359428629,-0.2544740987946524,-1.113222441675835,-0.07308838038524,-0.6537322438045569,0.29069861121475105,1
-0.28731360878321605,0.3393012849955515,-0.47236813409690187,-0.057883768544211386,-0.27842987844995243,0.1394881808612907,0.25925933431464443,0.43989342216468813,0.8040342550489904,-0.43427364312032235,-0.4085992429983727,0
1.338986700605135,-1.6213180023154707,1.0007680640764887,-0.38559031233357094,-0.8173424102788306,-0.9901157328254361,-0.7039908527652871,0.6074958535143662,-1.0851529597324256,1.8334652306167747,0.523797895952459,1
-0.9498804014969885,-0.38892873600568506,-0.16758133447482107,-1.0410033999122912,-0.22453862526706456,0.24217944574190223,-0.38290745707197654,-1.0685284599826,0.5341503672230739,-0.36112077622557726,0.15083904037212598,1
-0.2270802639910546,1.0675313059967884,-0.5231659340339152,0.43367604713982905,0.7993951852078045,0.44756197550312526,-0.2544740987946524,0.6074958535143662,0.6016213391795514,-0.8731908444887923,-0.8747978124737885,0
-0.16684691919889366,-1.2291941448532662,0.8991724642024619,-0.38559031233357094,2.2275133945543315,-1.0928069977060477,-0.9608575693199355,-1.7501116808046981,-1.0851529597324256,1.1750894285640694,1.9223936043787064,1
0.6764199078913626,-1.4532649205459542,1.3055548636985697,0.10596950335046876,-0.3862123848157282,-0.9901157328254361,-0.8966408901812734,-0.2863837803507072,-0.7477980999500284,2.5649938995642243,1.4561950349032906,1
-1.4317471598342775,-1.3412295326996104,-0.11678353453780754,2.1541354020339694,-0.7634511570959427,2.706769802876579,2.5228972739524833,0.27787773852664127,0.12932453548419892,-0.8000379775940472,-0.12888010131312252,1
0.19455314955407302,-0.4449464299288572,0.18800326508427323,0.43367604713982905,0.2604826533789257,0.5502532403837368,0.13082597603732024,0.8309657619806035,0.3992084233101155,1.90661809751152,-0.5018389568934555,1
1.0980533214364903,2.2719117253449883,-0.26917693434884793,1.7445022222972686,1.2844164638537947,-0.47665940842237847,1.286726200533238,2.395255121244389,0.8040342550489904,-0.06850930864659677,0.8035170376377091,0
0.3752531839305569,-1.6213180023154707,0.594385664580381,-1.2048566718069709,-0.3862123848157282,-1.2981895274672708,-1.1535076067359218,0.1493825411585052,-1.2875658756018615,-0.43427364312032235,-0.8747978124737885,1
0.01385311517759022,0.059212815379691544,-0.16758133447482107,1.7445022222972686,-0.27842987844995243,0.03679691598067917,2.1215430293358453,0.4957608992812475,-0.27550129625467595,-0.2879679093308321,-0.9680375263688714,0
0.13431980476191208,-0.8930879813142338,-0.3707725342228748,0.7613825909291886,0.4760476661104772,0.24217944574190223,0.38769269259196865,0.7192308077474848,0.1967955074406766,0.37040789272187313,-0.7815580985787057,1
-1.0101137462891498,0.9274870711888581,-1.3867285329631442,-0.38559031233357094,-0.3323211316328403,-0.37396814354176694,0.3234760134533065,0.0488210823487108,1.2088600867878652,0.1509492920376386,-1.1545169541590388,0
-0.8896470567048276,0.3393012849955515,-0.8787505335930095,-1.0410033999122912,-0.9790161698274943,1.8852396838316867,0.2271509947453134,-0.5098536888169446,0.6690923111360321,0.1509492920376386,-0.6883183846836228,0
-0.16684691919889366,-0.8370702873910617,0.8483746642654483,-0.7132968561229313,0.9071776915735803,-0.9901157328254361,-0.9929659088892665,-0.6215886430500632,-0.07308838038524,-0.06850930864659677,0.896756751532792,1
-0.5884803327440218,0.7314251424577564,-1.3867285329631442,-0.5494435842282511,0.15270014701315066,-0.9901157328254361,-0.7360991923346181,0.8868332390971628,2.018511750265612,2.2723824319852444,-0.5018389568934555,1
-0.046380229614571784,-0.1648579603129969,0.391194464832327,0.9252358628238687,-0.22453862526706456,0.5502532403837368,2.5228972739524833,0.4957608992812475,-0.5453851840805926,-0.214815042436087,-0.9680375263688714,0
1.399220045397296,-0.9491056752374059,1.6103416633206502,-0.2217370404388908,2.2275133945543315,-0.9901157328254361,-0.8966408901812734,1.054435670446903,-1.8273336512536948,2.5649938995642243,-0.9680375263688714,0
-0.7089470223283442,0.8434605303041005,-1.3867285329631442,-0.2217370404388908,-0.4401036379986161,-0.37396814354176694,-0.7682075319039492,0.10468855946527013,1.1413891148313846,-1.0926494451730275,-1.0612772402639543,0
0.19455314955407302,-0.33291104208251326,1.0007680640764887,0.10596950335046876,-0.3862123848157282,-0.8874244679448245,-0.5434491549186318,0.6633633306309255,-1.5574497634277782,-1.3852609127520077,-0.8747978124737885,0
-0.5884803327440218,0.7874428363809284,-1.2851329330891172,-0.2217370404388908,-0.49399489118150397,1.5771658891898521,1.4793762379492243,-0.5880681567801525,0.061853563527718286,0.2241021589323837,0.585957705215879,1
-0.046380229614571784,-1.6213180023154707,0.3403966648953138,2.1541354020339694,-1.032907423010382,-0.784733203064213,-0.7682075319039492,0.3840259450480668,-0.6128561560370701,2.1260766981957544,0.4305581820573761,1
-0.347546953575377,0.56337206068824,-0.9803461334670364,-0.7132968561229313,-0.27842987844995243,-0.06589434889993236,-0.6076658340572939,-0.007046394767848533,0.061853563527718286,-0.8000379775940472,-0.8747978124737885,1
1.338986700605135,0.3393012849955515,1.1023636639505157,-0.38559031233357094,-0.601777397547279,-0.16858561378054387,0.034500957329327085,1.3337730560296994,-0.07308838038524,-0.6537322438045569,-0.7815580985787057,0
-0.347546953575377,1.2355843877663046,-0.015187934663780522,2.1541354020339694,1.5538727297682342,1.8852396838316867,1.3830512192412312,-0.04056688103782135,-0.4779142121241119,-1.458413779646753,-1.0612772402639543,0
-0.7089470223283442,0.8994782242272721,-1.1835373332150902,-0.38559031233357094,-0.7095599039130548,0.34487071062251373,-0.6076658340572939,0.22759700912171307,0.8715052270054681,0.1509492920376386,-0.5950786707885384,0
-0.8896470567048276,0.6193897546114121,-1.2343351331521037,-0.057883768544211386,-0.3323211316328403,-0.16858561378054387,-0.4792324757799697,-0.7053898587249643,0.33173745135363486,-0.5074265100150674,-0.035640387418039696,1
1.519686734981619,-0.33291104208251326,0.7975768643284348,-0.38559031233357094,2.2275133945543315,1.166400829667406,0.644559409146617,0.8309657619806035,-0.9502110158194674,0.8093250940903438,0.33731846816229333,1
2.453303579260115,-0.8370702873910617,1.9659262628797447,0.43367604713982905,0.3682651597447015,-0.57935067330299,-0.1581490800866592,2.395255121244389,-0.9502110158194674,0.2241021589323837,-0.5950786707885384,1
-0.046380229614571784,-1.3972472266227822,1.6611394632576637,1.089089134718549,1.2305252106709068,-0.57935067330299,-0.7682075319039492,0.8756597436738386,0.5341503672230739,0.2241021589323837,0.15083904037212598,0
0.19455314955407302,-0.8930879813142338,1.9151284629427312,2.1541354020339694,-0.0628648657184009,-1.2981895274672708,-1.2177242858745838,0.8142055188456481,-0.27550129625467595,-0.5074265100150674,0.523797895952459,0
-1.4317471598342775,-0.38892873600568506,-1.3867285329631442,-0.7132968561229313,-0.22453862526706456,0.9610182999061829,-0.06182406137866606,-1.5992694925899755,1.2763310587443428,-0.8731908444887923,0.7102773237426246,0
-0.046380229614571784,-1.005123369160578,0.2895988649583003,0.10596950335046876,-0.27842987844995243,-0.47665940842237847,0.034500957329327085,-0.403705482295457,-0.27550129625467595,1.1750894285640694,0.523797895952459,1
-0.9498804014969885,-1.3972472266227822,0.03560986527323299,0.10596950335046876,-2.2993518728082454,2.09062221359291,1.7362429545038727,-2.4819756310317245,-0.34297226821115656,-1.897330981015223,1.1764758932180406,1
1.7003867693581018,-1.005123369160578,1.0515658640135022,1.252942406613229,0.4760476661104772,-1.0928069977060477,-0.8003158714732802,1.054435670446903,-0.9502110158194674,-0.8731908444887923,0.05759932647704314,0
-0.5884803327440218,-1.1731764509300942,-0.21837913441183443,-0.057883768544211386,-0.8173424102788306,1.9879309487122983,0.7729927674239412,-0.46515970712370946,0.8040342550489904,-0.214815042436087,-0.31535952910328985,0
-0.4077802983675385,2.7200532767303653,-1.3867285329631442,-0.38559031233357094,2.2275133945543315,-1.0928069977060477,-1.185615946305253,-1.0908754508292484,1.2763310587443428,-1.824178114120478,0.4305581820573761,0
-0.347546953575377,0.39531897891872364,-1.0819417333410635,-0.5494435842282511,-0.11675611890128879,0.34487071062251373,-0.1581490800866592,0.14379579344687407,0.5341503672230739,-0.214815042436087,-0.31535952910328985,1
-0.2270802639910546,-0.22087565423616903,0.23880106502128676,-0.7132968561229313,0.04491764064737488,0.1394881808612907,2.5228972739524833,0.0488210823487108,-0.7477980999500284,-0.7268851106993021,-0.8747978124737885,0
0.4354865287227178,-0.8370702873910617,0.6959812644544078,0.10596950335046876,1.176633957488019,-0.9901157328254361,-1.1535076067359218,-0.37577174373717737,-1.2200949036453839,-0.5074265100150674,1.3629553210082077,1
0.9173532870600074,-0.5009641238520293,1.0007680640764887,0.2698227752451489,-0.9790161698274943,-0.6820419381836015,-0.5755574944879629,0.7750982848640442,-0.4779142121241119,0.004643558248148351,0.33731846816229333,1
0.9775866318521684,0.059212815379691544,0.8991724642024619,-0.057883768544211386,-0.5478861443643919,0.03679691598067917,-0.19025741965599027,1.3337730560296994,0.5341503672230739,-0.214815042436087,-0.9680375263688714,0
-1.3112804702499556,0.39531897891872364,-0.9803461334670364,-0.8771501280176109,-0.5478861443643919,-0.16858561378054387,-0.029715721809335013,-1.8730201304611411,0.46667939526659313,-0.8000379775940472,0.523797895952459,0
1.338986700605135,-1.6213180023154707,0.7467790643914213,-0.8771501280176109,-0.22453862526706456,-0.9901157328254361,-0.7682075319039492,0.4957608992812475,-0.6803271279935508,2.5649938995642243,0.33731846816229333,1
0.4957198735148788,-1.3972472266227822,0.9499702641394754,2.1541354020339694,1.7694377424997858,-1.2981895274672708,-1.185615946305253,1.2834923266247713,-0.8827400438629868,-0.36112077622557726,0.4305581820573761,1
-1.0703470910813109,1.9918232557291276,-1.3867285329631442,-0.057883768544211386,2.2275133945543315,-0.9901157328254361,-1.0892909275972598,-0.6718693724549915,1.6811568904832177,-1.0194965782782826,0.33731846816229333,0
-0.4077802983675385,-0.6690172056215457,-0.6755593338449556,1.089089134718549,0.3143739065618136,0.5502532403837368,-0.09393240094799711,-0.17464882611758856,0.061853563527718286,-0.5805793769098126,0.05759932647704314,1
2.061786838111068,-0.22087565423616903,1.1023636639505157,-0.2217370404388908,0.09880889383026277,-1.0928069977060477,-0.9929659088892665,1.8365803500787956,-0.8152690719065091,-1.604719513436243,-1.1545169541590388,0
0.315019839138396,0.3393012849955515,-0.47236813409690187,0.9252358628238687,0.4221564129275893,-0.37396814354176694,0.9014261257012655,0.37285244962480457,-1.1526239316889033,-0.8000379775940472,-0.9680375263688714,0
-0.5884803327440218,-0.7810525934678896,0.18800326508427323,0.10596950335046876,-0.3862123848157282,-0.6820419381836015,0.002392617759996037,-0.2863837803507072,0.6690923111360321,-0.8000379775940472,-0.9680375263688714,1
-0.4680136431596994,-1.4532649205459542,0.3403966648953138,-0.057883768544211386,-1.679602461205036,-1.1954982625866593,-1.2177242858745838,-0.9009260286329219,0.6016213391795514,-0.06850930864659677,0.523797895952459,1
1.2185200110208132,-1.4532649205459542,-0.16758133447482107,-0.38559031233357094,-0.49399489118150397,-0.06589434889993236,-0.4150157966413076,-0.6215886430500632,-0.6128561560370701,0.07779642514289346,2.2021127460639565,1
-0.8896470567048276,0.56337206068824,-0.7771549337189826,2.1541354020339694,0.9610689447564682,0.03679691598067917,2.5228972739524833,0.10468855946527013,-0.2080303242981983,-0.2879679093308321,-0.8747978124737885,0
-0.28731360878321605,1.2916020816894769,-1.1835373332150902,-0.057883768544211386,0.583830172476253,-0.06589434889993236,0.25925933431464443,0.16055603658182946,-0.34297226821115656,0.004643558248148351,-0.5950786707885384,0
-1.0101137462891498,0.4513366728418957,-1.3867285329631442,-1.2048566718069709,-0.6556686507301669,-1.1954982625866593,-1.2177242858745838,-1.5378152677617851,0.12932453548419892,-2.0436367148047134,-0.035640387418039696,0
-0.8896470567048276,0.7874428363809284,-0.6247615339079422,-0.8771501280176109,1.9850027552313365,-0.2712768786611554,-0.8324242110426112,-0.7333235972832439,0.7365632830925097,0.1509492920376386,0.8035170376377091,1
2.453303579260115,-0.9491056752374059,1.9151284629427312,2.1541354020339694,0.7993951852078045,0.6529445052643483,0.8051011069932723,0.4957608992812475,-2.2321594829925697,1.394548029248304,2.8547907433295383,0
-0.8294137119126661,-0.22087565423616903,-0.8787505335930095,-0.057883768544211386,-0.3862123848157282,-0.37396814354176694,-0.5113408153493008,-0.4539862117003852,0.7365632830925097,-0.5074265100150674,-0.22211981520820703,1
-1.7329138837950833,0.2832835910723794,-0.9803461334670364,-0.7132968561229313,-1.1945811825590458,0.44756197550312526,-0.4792324757799697,-1.0461814691360134,1.2763310587443428,-0.06850930864659677,-0.22211981520820703,1
-0.8896470567048276,0.1712482032260358,-0.26917693434884793,-0.8771501280176109,-0.3862123848157282,-0.06589434889993236,-0.7039908527652871,-1.3031718638721614,0.6016213391795514,1.2482422954588137,0.7102773237426246,1
0.13431980476191208,-1.06114106308375,0.8483746642654483,-1.0410033999122912,-0.11675611890128879,-0.9901157328254361,-1.0892909275972598,-0.3701849960255462,1.4112730026573013,-0.1416621755413419,0.24407875426720882,0
-0.4680136431596994,-0.7250348995447174,-0.47236813409690187,-1.2048566718069709,-0.11675611890128879,0.8583270350255714,0.38769269259196865,-0.11878134900096719,0.1967955074406766,-0.5074265100150674,-0.9680375263688714,0
-0.16684691919889366,1.0955401529583744,-0.16758133447482107,0.7613825909291886,0.09880889383026277,-0.57935067330299,0.5161260508692929,0.07675482090699047,0.2642664793971572,-0.6537322438045569,-0.4085992429983727,1
-0.2270802639910546,-1.06114106308375,0.7467790643914213,-0.5494435842282511,0.2604826533789257,-0.784733203064213,-0.8645325506119423,-0.6998031110132711,0.2642664793971572,-0.36112077622557726,0.896756751532792,1
-1.3715138150421167,-0.22087565423616903,-1.3867285329631442,-0.057883768544211386,-0.7095599039130548,-0.06589434889993236,-0.4150157966413076,-2.118837029774027,1.8160988343961761,-0.43427364312032235,1.9223936043787064,1
-0.2270802639910546,-1.117158757006922,-0.21837913441183443,-1.0410033999122912,-0.22453862526706456,0.24217944574190223,-0.029715721809335013,-0.25845004179242753,-0.14055935234171765,0.004643558248148351,-1.0612772402639543,0
-1.7329138837950833,-0.6129995116983735,-0.015187934663780522,-0.5494435842282511,0.583830172476253,0.7556357701449599,0.2913676738839755,-1.118809189387528,2.524544039939203,-0.06850930864659677,1.7359141765885409,1
-0.7691803671205052,0.1712482032260358,-0.5231659340339152,-1.0410033999122912,-0.8712336634617185,-0.06589434889993236,-0.7039908527652871,-0.8785790377862733,0.8715052270054681,0.2241021589323837,0.10421918342458539,1
-1.1908137806656334,0.22726589714920728,0.03560986527323299,-0.38559031233357094,-1.7873849675708118,-0.2712768786611554,0.09871763646798919,-1.660723717418228,0.6690923111360321,-0.36112077622557726,2.2021127460639565,0
2.2424868724875524,-1.3972472266227822,1.1023636639505157,-0.7132968561229313,-0.3862123848157282,-0.57935067330299,-0.8003158714732802,0.4957608992812475,-2.2321594829925697,0.07779642514289346,-0.5018389568934555,1
1.2787533558129742,-1.5092826144691265,1.0515658640135022,-0.7132968561229313,-0.8173424102788306,-0.9901157328254361,-1.1535076067359218,0.29463798166159666,0.12932453548419892,1.6140066299325393,0.4305581820573761,1
-0.7089470223283442,0.4513366728418957,-1.2851329330891172,0.2698227752451489,-0.008973612535513008,0.1394881808612907,1.3188345401025692,0.41195968360634644,1.1413891148313846,-0.36112077622557726,-0.6883183846836228,1
-1.0101137462891498,-0.1648579603129969,-1.3867285329631442,-0.8771501280176109,-1.032907423010382,0.5502532403837368,-0.5755574944879629,-1.783632167074671,0.8715052270054681,-0.7268851106993021,1.7359141765885409,1
-0.5884803327440218,-1.06114106308375,0.2895988649583003,0.2698227752451489,-0.9251249166446064,0.5502532403837368,-0.2865824383639834,-0.8450585515163626,0.2642664793971572,0.8824779609850889,1.5494347487983735,1
-0.4680136431596994,-0.7250348995447174,-0.7771549337189826,1.089089134718549,0.583830172476253,1.371783359428629,0.2271509947453134,-0.007046394767848533,0.3992084233101155,0.37040789272187313,-0.12888010131312252,1
-0.4077802983675385,-0.5569818177752014,0.08640766521024622,-0.38559031233357094,-0.3323211316328403,0.34487071062251373,0.644559409146617,0.2611174953916239,0.6016213391795514,-0.06850930864659677,-0.8747978124737885,0
-0.6487136775361827,0.003195121456519432,-0.6755593338449556,-0.38559031233357094,-0.9251249166446064,-0.06589434889993236,-0.5434491549186318,-1.945647850712718,0.2642664793971572,-0.2879679093308321,1.5494347487983735,1
0.13431980476191208,-1.789371084084987,1.2547570637615562,-0.7132968561229313,0.4760476661104772,-0.6820419381836015,-0.7360991923346181,-0.12995484442429148,0.33173745135363486,0.1509492920376386,-0.035640387418039696,0
-1.6124471942107614,0.42332782588030965,-1.132739533278077,0.10596950335046876,-0.4401036379986161,0.34487071062251373,-0.671882513195956,-2.3087864519703536,1.6811568904832177,-0.7268851106993021,2.2953524599590396,0
-0.7089470223283442,-0.9491056752374059,0.13720546514725973,-1.2048566718069709,-0.0628648657184009,1.9879309487122983,0.7729927674239412,0.12144880260022553,0.8715052270054681,-1.0926494451730275,-0.9680375263688714,0
-0.046380229614571784,-0.1088402663898248,-0.16758133447482107,-0.5494435842282511,-0.11675611890128879,0.03679691598067917,1.286726200533238,0.518107890127834,0.1967955074406766,-0.06850930864659677,-0.8747978124737885,1
1.0378199766443292,1.1235489999199606,0.7975768643284348,-0.057883768544211386,-1.1945811825590458,-0.06589434889993236,-0.4792324757799697,-0.06291387188440786,-1.0851529597324256,-0.5805793769098126,0.523797895952459,0
0.07408645996975116,-0.9491056752374059,0.23880106502128676,-0.2217370404388908,-0.008973612535513008,1.6798571540704637,1.0619678235479206,-0.17464882611758856,-0.07308838038524,0.5167136265113633,0.523797895952459,1
-0.7691803671205052,-0.9491056752374059,-0.31997473428586143,-0.057883768544211386,0.2604826533789257,0.44756197550312526,0.612451069577286,-0.6327621384733875,0.6016213391795514,-0.8000379775940472,-0.31535952910328985,1
-0.4680136431596994,0.2832835910723794,1.4579482635096102,1.252942406613229,2.2275133945543315,-1.0928069977060477,-1.0250742484585975,-1.0908754508292484,-0.6803271279935508,2.5649938995642243,1.0832361793229577,1
-0.7089470223283442,0.3393012849955515,-1.3359307330261307,0.2698227752451489,-0.22453862526706456,0.44756197550312526,1.254617860963907,0.4175464313180396,1.6136859185267372,-0.43427364312032235,-0.5950786707885384,0
-0.6487136775361827,0.7314251424577564,-1.2343351331521037,-0.057883768544211386,-0.17064737208417666,0.03679691598067917,1.286726200533238,0.4007861881830842,1.478743974613779,-0.5805793769098126,-0.6883183846836228,0
-0.16684691919889366,-0.7810525934678896,0.13720546514725973,-0.7132968561229313,-0.3862123848157282,1.6798571540704637,1.222509521394576,0.25553074767999273,0.5341503672230739,-0.2879679093308321,-1.3409963819492043,0
2.182253527695391,-0.5569818177752014,1.9659262628797447,1.252942406613229,1.4999814765853463,-0.57935067330299,-0.7360991923346181,1.8365803500787956,-1.0851529597324256,1.467700896143049,-0.035640387418039696,1
-0.5884803327440218,-0.5569818177752014,-0.16758133447482107,0.2698227752451489,-0.17064737208417666,1.166400829667406,0.676667748715948,-0.12995484442429148,1.9510407783091344,-0.43427364312032235,0.6170376098475419,1
-0.5282469879518603,1.1795666938431326,-1.03114393340405,-1.0410033999122912,0.2604826533789257,-0.06589434889993236,0.06660929689865813,-0.945620010326157,-1.2875658756018615,-1.238955178962518,-0.4085992429983727,0
